ancienne_url,nouvelle_url,code,silo,motif
/villes/agence-seo-ambares-et-lagrave,/consultant-seo-lormont,301,agence-seo,ville fusionnée → commune limitrophe conservée
/villes/agence-seo-ambes,/consultant-seo-lormont,301,agence-seo,ville fusionnée → commune limitrophe conservée
/villes/agence-seo-andernos-les-bains,/consultant-seo-ares,301,agence-seo,ville fusionnée → commune limitrophe conservée
/villes/agence-seo-arcachon,/consultant-seo-arcachon,301,agence-seo,ville conservée
/villes/agence-seo-ares,/consultant-seo-ares,301,agence-seo,ville conservée
/villes/agence-seo-arsac,/consultant-seo-le-taillan-medoc,301,agence-seo,ville fusionnée → commune limitrophe conservée
/villes/agence-seo-artigues-pres-bordeaux,/consultant-seo-floirac,301,agence-seo,ville fusionnée → commune limitrophe conservée
/villes/agence-seo-audenge,/consultant-seo-ares,301,agence-seo,ville fusionnée → commune limitrophe conservée
/villes/agence-seo-avensan,/consultant-seo-le-taillan-medoc,301,agence-seo,ville fusionnée → commune limitrophe conservée
/villes/agence-seo-bassens,/consultant-seo-lormont,301,agence-seo,ville fusionnée → commune limitrophe conservée
/villes/agence-seo-bazas,/consultant-seo-bazas,301,agence-seo,ville conservée
/villes/agence-seo-begles,/consultant-seo-begles,301,agence-seo,ville conservée
/villes/agence-seo-belin-beliet,/consultant-seo-cestas,301,agence-seo,ville fusionnée → commune limitrophe conservée
/villes/agence-seo-biganos,/consultant-seo-la-teste-de-buch,301,agence-seo,ville fusionnée → commune limitrophe conservée
/villes/agence-seo-blanquefort,/consultant-seo-bruges,301,agence-seo,ville fusionnée → commune limitrophe conservée
/villes/agence-seo-blaye,/consultant-seo-libourne,301,agence-seo,ville fusionnée → commune limitrophe conservée
/villes/agence-seo-bordeaux,/consultant-seo-bordeaux,301,agence-seo,ville conservée
/villes/agence-seo-bouliac,/consultant-seo-floirac,301,agence-seo,ville fusionnée → commune limitrophe conservée
/villes/agence-seo-bourg,/consultant-seo-libourne,301,agence-seo,ville fusionnée → commune limitrophe conservée
/villes/agence-seo-bruges,/consultant-seo-bruges,301,agence-seo,ville conservée
/villes/agence-seo-cadaujac,/consultant-seo-villenave-dornon,301,agence-seo,ville fusionnée → commune limitrophe conservée
/villes/agence-seo-cadillac,/consultant-seo-langon,301,agence-seo,ville fusionnée → commune limitrophe conservée
/villes/agence-seo-canejan,/consultant-seo-cestas,301,agence-seo,ville fusionnée → commune limitrophe conservée
/villes/agence-seo-carbon-blanc,/consultant-seo-lormont,301,agence-seo,ville fusionnée → commune limitrophe conservée
/villes/agence-seo-carignan-de-bordeaux,/consultant-seo-floirac,301,agence-seo,ville fusionnée → commune limitrophe conservée
/villes/agence-seo-castelnau-de-medoc,/consultant-seo-le-taillan-medoc,301,agence-seo,ville fusionnée → commune limitrophe conservée
/villes/agence-seo-castillon-la-bataille,/consultant-seo-libourne,301,agence-seo,ville fusionnée → commune limitrophe conservée
/villes/agence-seo-castres-gironde,/consultant-seo-villenave-dornon,301,agence-seo,ville fusionnée → commune limitrophe conservée
/villes/agence-seo-cenon,/consultant-seo-lormont,301,agence-seo,ville fusionnée → commune limitrophe conservée
/villes/agence-seo-cestas,/consultant-seo-cestas,301,agence-seo,ville conservée
/villes/agence-seo-cezac,/consultant-seo-libourne,301,agence-seo,ville fusionnée → commune limitrophe conservée
/villes/agence-seo-coutras,/consultant-seo-coutras,301,agence-seo,ville conservée
/villes/agence-seo-creon,/consultant-seo-floirac,301,agence-seo,ville fusionnée → commune limitrophe conservée
/villes/agence-seo-eysines,/consultant-seo-eysines,301,agence-seo,ville conservée
/villes/agence-seo-fargues-saint-hilaire,/consultant-seo-floirac,301,agence-seo,ville fusionnée → commune limitrophe conservée
/villes/agence-seo-floirac,/consultant-seo-floirac,301,agence-seo,ville conservée
/villes/agence-seo-galgon,/consultant-seo-libourne,301,agence-seo,ville fusionnée → commune limitrophe conservée
/villes/agence-seo-gradignan,/consultant-seo-gradignan,301,agence-seo,ville conservée
/villes/agence-seo-gujan-mestras,/consultant-seo-la-teste-de-buch,301,agence-seo,ville fusionnée → commune limitrophe conservée
/villes/agence-seo-hourtin,/consultant-seo-lacanau,301,agence-seo,ville fusionnée → commune limitrophe conservée
/villes/agence-seo-izon,/consultant-seo-libourne,301,agence-seo,ville fusionnée → commune limitrophe conservée
/villes/agence-seo-la-brede,/consultant-seo-cestas,301,agence-seo,ville fusionnée → commune limitrophe conservée
/villes/agence-seo-la-reole,/consultant-seo-langon,301,agence-seo,ville fusionnée → commune limitrophe conservée
/villes/agence-seo-la-teste-de-buch,/consultant-seo-la-teste-de-buch,301,agence-seo,ville conservée
/villes/agence-seo-lacanau,/consultant-seo-lacanau,301,agence-seo,ville conservée
/villes/agence-seo-langon,/consultant-seo-langon,301,agence-seo,ville conservée
/villes/agence-seo-lanton,/consultant-seo-ares,301,agence-seo,ville fusionnée → commune limitrophe conservée
/villes/agence-seo-latresne,/consultant-seo-floirac,301,agence-seo,ville fusionnée → commune limitrophe conservée
/villes/agence-seo-le-barp,/consultant-seo-cestas,301,agence-seo,ville fusionnée → commune limitrophe conservée
/villes/agence-seo-le-bouscat,/consultant-seo-le-bouscat,301,agence-seo,ville conservée
/villes/agence-seo-le-haillan,/consultant-seo-eysines,301,agence-seo,ville fusionnée → commune limitrophe conservée
/villes/agence-seo-le-pian-medoc,/consultant-seo-le-taillan-medoc,301,agence-seo,ville fusionnée → commune limitrophe conservée
/villes/agence-seo-le-taillan-medoc,/consultant-seo-le-taillan-medoc,301,agence-seo,ville conservée
/villes/agence-seo-le-teich,/consultant-seo-la-teste-de-buch,301,agence-seo,ville fusionnée → commune limitrophe conservée
/villes/agence-seo-lege-cap-ferret,/consultant-seo-lege-cap-ferret,301,agence-seo,ville conservée
/villes/agence-seo-leognan,/consultant-seo-cestas,301,agence-seo,ville fusionnée → commune limitrophe conservée
/villes/agence-seo-libourne,/consultant-seo-libourne,301,agence-seo,ville conservée
/villes/agence-seo-lormont,/consultant-seo-lormont,301,agence-seo,ville conservée
/villes/agence-seo-ludon-medoc,/consultant-seo-le-taillan-medoc,301,agence-seo,ville fusionnée → commune limitrophe conservée
/villes/agence-seo-macau,/consultant-seo-le-taillan-medoc,301,agence-seo,ville fusionnée → commune limitrophe conservée
/villes/agence-seo-marcheprime,/consultant-seo-la-teste-de-buch,301,agence-seo,ville fusionnée → commune limitrophe conservée
/villes/agence-seo-marsas,/consultant-seo-libourne,301,agence-seo,ville fusionnée → commune limitrophe conservée
/villes/agence-seo-martignas-sur-jalle,/consultant-seo-saint-medard-en-jalles,301,agence-seo,ville fusionnée → commune limitrophe conservée
/villes/agence-seo-merignac,/consultant-seo-merignac,301,agence-seo,ville conservée
/villes/agence-seo-mios,/consultant-seo-la-teste-de-buch,301,agence-seo,ville fusionnée → commune limitrophe conservée
/villes/agence-seo-monsegur,/consultant-seo-langon,301,agence-seo,ville fusionnée → commune limitrophe conservée
/villes/agence-seo-montussan,/consultant-seo-libourne,301,agence-seo,ville fusionnée → commune limitrophe conservée
/villes/agence-seo-parempuyre,/consultant-seo-bruges,301,agence-seo,ville fusionnée → commune limitrophe conservée
/villes/agence-seo-pauillac,/consultant-seo-soulac-sur-mer,301,agence-seo,ville fusionnée → commune limitrophe conservée
/villes/agence-seo-pessac,/consultant-seo-pessac,301,agence-seo,ville conservée
/villes/agence-seo-pineuilh,/consultant-seo-coutras,301,agence-seo,ville fusionnée → commune limitrophe conservée
/villes/agence-seo-podensac,/consultant-seo-langon,301,agence-seo,ville fusionnée → commune limitrophe conservée
/villes/agence-seo-sadirac,/consultant-seo-floirac,301,agence-seo,ville fusionnée → commune limitrophe conservée
/villes/agence-seo-saint-andre-de-cubzac,/consultant-seo-libourne,301,agence-seo,ville fusionnée → commune limitrophe conservée
/villes/agence-seo-saint-aubin-de-medoc,/consultant-seo-saint-aubin-de-medoc,301,agence-seo,ville conservée
/villes/agence-seo-saint-caprais-de-bordeaux,/consultant-seo-floirac,301,agence-seo,ville fusionnée → commune limitrophe conservée
/villes/agence-seo-saint-ciers-sur-gironde,/consultant-seo-libourne,301,agence-seo,ville fusionnée → commune limitrophe conservée
/villes/agence-seo-saint-denis-de-pile,/consultant-seo-coutras,301,agence-seo,ville fusionnée → commune limitrophe conservée
/villes/agence-seo-saint-emilion,/consultant-seo-libourne,301,agence-seo,ville fusionnée → commune limitrophe conservée
/villes/agence-seo-saint-jean-dillac,/consultant-seo-saint-medard-en-jalles,301,agence-seo,ville fusionnée → commune limitrophe conservée
/villes/agence-seo-saint-laurent-medoc,/consultant-seo-soulac-sur-mer,301,agence-seo,ville fusionnée → commune limitrophe conservée
/villes/agence-seo-saint-loubes,/consultant-seo-libourne,301,agence-seo,ville fusionnée → commune limitrophe conservée
/villes/agence-seo-saint-magne-de-castillon,/consultant-seo-libourne,301,agence-seo,ville fusionnée → commune limitrophe conservée
/villes/agence-seo-saint-medard-en-jalles,/consultant-seo-saint-medard-en-jalles,301,agence-seo,ville conservée
/villes/agence-seo-saint-savin,/consultant-seo-libourne,301,agence-seo,ville fusionnée → commune limitrophe conservée
/villes/agence-seo-saint-seurin-sur-lisle,/consultant-seo-coutras,301,agence-seo,ville fusionnée → commune limitrophe conservée
/villes/agence-seo-saint-sulpice-et-cameyrac,/consultant-seo-libourne,301,agence-seo,ville fusionnée → commune limitrophe conservée
/villes/agence-seo-sainte-eulalie,/consultant-seo-libourne,301,agence-seo,ville fusionnée → commune limitrophe conservée
/villes/agence-seo-sainte-foy-la-grande,/consultant-seo-coutras,301,agence-seo,ville fusionnée → commune limitrophe conservée
/villes/agence-seo-sainte-helene,/consultant-seo-saint-aubin-de-medoc,301,agence-seo,ville fusionnée → commune limitrophe conservée
/villes/agence-seo-salles,/consultant-seo-cestas,301,agence-seo,ville fusionnée → commune limitrophe conservée
/villes/agence-seo-sauveterre-de-guyenne,/consultant-seo-langon,301,agence-seo,ville fusionnée → commune limitrophe conservée
/villes/agence-seo-soulac-sur-mer,/consultant-seo-soulac-sur-mer,301,agence-seo,ville conservée
/villes/agence-seo-talence,/consultant-seo-talence,301,agence-seo,ville conservée
/villes/agence-seo-targon,/consultant-seo-langon,301,agence-seo,ville fusionnée → commune limitrophe conservée
/villes/agence-seo-tresses,/consultant-seo-floirac,301,agence-seo,ville fusionnée → commune limitrophe conservée
/villes/agence-seo-vayres,/consultant-seo-libourne,301,agence-seo,ville fusionnée → commune limitrophe conservée
/villes/agence-seo-vendays-montalivet,/consultant-seo-soulac-sur-mer,301,agence-seo,ville fusionnée → commune limitrophe conservée
/villes/agence-seo-villenave-dornon,/consultant-seo-villenave-dornon,301,agence-seo,ville conservée
/villes/agence-seo-yvrac,/consultant-seo-floirac,301,agence-seo,ville fusionnée → commune limitrophe conservée
/villes/audit-seo-ambares-et-lagrave,/consultant-seo-lormont,301,audit-seo,ville fusionnée → commune limitrophe conservée
/villes/audit-seo-ambars-et-lagrave,/consultant-seo-lormont,301,audit-seo,slug cassé — ville fusionnée → commune limitrophe conservée
/villes/audit-seo-ambes,/consultant-seo-lormont,301,audit-seo,ville fusionnée → commune limitrophe conservée
/villes/audit-seo-ambs,/consultant-seo-lormont,301,audit-seo,slug cassé — ville fusionnée → commune limitrophe conservée
/villes/audit-seo-andernos-les-bains,/consultant-seo-ares,301,audit-seo,ville fusionnée → commune limitrophe conservée
/villes/audit-seo-arcachon,/consultant-seo-arcachon,301,audit-seo,ville conservée
/villes/audit-seo-ares,/consultant-seo-ares,301,audit-seo,ville conservée
/villes/audit-seo-ars,/consultant-seo-ares,301,audit-seo,slug cassé — ville conservée
/villes/audit-seo-arsac,/consultant-seo-le-taillan-medoc,301,audit-seo,ville fusionnée → commune limitrophe conservée
/villes/audit-seo-artigues-pres-bordeaux,/consultant-seo-floirac,301,audit-seo,ville fusionnée → commune limitrophe conservée
/villes/audit-seo-artigues-prs-bordeaux,/consultant-seo-floirac,301,audit-seo,slug cassé — ville fusionnée → commune limitrophe conservée
/villes/audit-seo-audenge,/consultant-seo-ares,301,audit-seo,ville fusionnée → commune limitrophe conservée
/villes/audit-seo-avensan,/consultant-seo-le-taillan-medoc,301,audit-seo,ville fusionnée → commune limitrophe conservée
/villes/audit-seo-bassens,/consultant-seo-lormont,301,audit-seo,ville fusionnée → commune limitrophe conservée
/villes/audit-seo-bazas,/consultant-seo-bazas,301,audit-seo,ville conservée
/villes/audit-seo-begles,/consultant-seo-begles,301,audit-seo,ville conservée
/villes/audit-seo-belin-beliet,/consultant-seo-cestas,301,audit-seo,ville fusionnée → commune limitrophe conservée
/villes/audit-seo-belin-bliet,/consultant-seo-cestas,301,audit-seo,slug cassé — ville fusionnée → commune limitrophe conservée
/villes/audit-seo-bgles,/consultant-seo-begles,301,audit-seo,slug cassé — ville conservée
/villes/audit-seo-biganos,/consultant-seo-la-teste-de-buch,301,audit-seo,ville fusionnée → commune limitrophe conservée
/villes/audit-seo-blanquefort,/consultant-seo-bruges,301,audit-seo,ville fusionnée → commune limitrophe conservée
/villes/audit-seo-blaye,/consultant-seo-libourne,301,audit-seo,ville fusionnée → commune limitrophe conservée
/villes/audit-seo-bouliac,/consultant-seo-floirac,301,audit-seo,ville fusionnée → commune limitrophe conservée
/villes/audit-seo-bourg,/consultant-seo-libourne,301,audit-seo,ville fusionnée → commune limitrophe conservée
/villes/audit-seo-bruges,/consultant-seo-bruges,301,audit-seo,ville conservée
/villes/audit-seo-cadaujac,/consultant-seo-villenave-dornon,301,audit-seo,ville fusionnée → commune limitrophe conservée
/villes/audit-seo-cadillac,/consultant-seo-langon,301,audit-seo,ville fusionnée → commune limitrophe conservée
/villes/audit-seo-canejan,/consultant-seo-cestas,301,audit-seo,ville fusionnée → commune limitrophe conservée
/villes/audit-seo-canjan,/consultant-seo-cestas,301,audit-seo,slug cassé — ville fusionnée → commune limitrophe conservée
/villes/audit-seo-carbon-blanc,/consultant-seo-lormont,301,audit-seo,ville fusionnée → commune limitrophe conservée
/villes/audit-seo-carignan-de-bordeaux,/consultant-seo-floirac,301,audit-seo,ville fusionnée → commune limitrophe conservée
/villes/audit-seo-castelnau-de-mdoc,/consultant-seo-le-taillan-medoc,301,audit-seo,slug cassé — ville fusionnée → commune limitrophe conservée
/villes/audit-seo-castelnau-de-medoc,/consultant-seo-le-taillan-medoc,301,audit-seo,ville fusionnée → commune limitrophe conservée
/villes/audit-seo-castillon-la-bataille,/consultant-seo-libourne,301,audit-seo,ville fusionnée → commune limitrophe conservée
/villes/audit-seo-castres-gironde,/consultant-seo-villenave-dornon,301,audit-seo,ville fusionnée → commune limitrophe conservée
/villes/audit-seo-cenon,/consultant-seo-lormont,301,audit-seo,ville fusionnée → commune limitrophe conservée
/villes/audit-seo-cestas,/consultant-seo-cestas,301,audit-seo,ville conservée
/villes/audit-seo-cezac,/consultant-seo-libourne,301,audit-seo,ville fusionnée → commune limitrophe conservée
/villes/audit-seo-coutras,/consultant-seo-coutras,301,audit-seo,ville conservée
/villes/audit-seo-creon,/consultant-seo-floirac,301,audit-seo,ville fusionnée → commune limitrophe conservée
/villes/audit-seo-cron,/consultant-seo-floirac,301,audit-seo,slug cassé — ville fusionnée → commune limitrophe conservée
/villes/audit-seo-czac,/consultant-seo-libourne,301,audit-seo,slug cassé — ville fusionnée → commune limitrophe conservée
/villes/audit-seo-eysines,/consultant-seo-eysines,301,audit-seo,ville conservée
/villes/audit-seo-fargues-saint-hilaire,/consultant-seo-floirac,301,audit-seo,ville fusionnée → commune limitrophe conservée
/villes/audit-seo-floirac,/consultant-seo-floirac,301,audit-seo,ville conservée
/villes/audit-seo-galgon,/consultant-seo-libourne,301,audit-seo,ville fusionnée → commune limitrophe conservée
/villes/audit-seo-gradignan,/consultant-seo-gradignan,301,audit-seo,ville conservée
/villes/audit-seo-gujan-mestras,/consultant-seo-la-teste-de-buch,301,audit-seo,ville fusionnée → commune limitrophe conservée
/villes/audit-seo-hourtin,/consultant-seo-lacanau,301,audit-seo,ville fusionnée → commune limitrophe conservée
/villes/audit-seo-izon,/consultant-seo-libourne,301,audit-seo,ville fusionnée → commune limitrophe conservée
/villes/audit-seo-la-brde,/consultant-seo-cestas,301,audit-seo,slug cassé — ville fusionnée → commune limitrophe conservée
/villes/audit-seo-la-brede,/consultant-seo-cestas,301,audit-seo,ville fusionnée → commune limitrophe conservée
/villes/audit-seo-la-reole,/consultant-seo-langon,301,audit-seo,ville fusionnée → commune limitrophe conservée
/villes/audit-seo-la-role,/consultant-seo-langon,301,audit-seo,slug cassé — ville fusionnée → commune limitrophe conservée
/villes/audit-seo-la-teste-de-buch,/consultant-seo-la-teste-de-buch,301,audit-seo,ville conservée
/villes/audit-seo-lacanau,/consultant-seo-lacanau,301,audit-seo,ville conservée
/villes/audit-seo-langon,/consultant-seo-langon,301,audit-seo,ville conservée
/villes/audit-seo-lanton,/consultant-seo-ares,301,audit-seo,ville fusionnée → commune limitrophe conservée
/villes/audit-seo-latresne,/consultant-seo-floirac,301,audit-seo,ville fusionnée → commune limitrophe conservée
/villes/audit-seo-le-barp,/consultant-seo-cestas,301,audit-seo,ville fusionnée → commune limitrophe conservée
/villes/audit-seo-le-bouscat,/consultant-seo-le-bouscat,301,audit-seo,ville conservée
/villes/audit-seo-le-haillan,/consultant-seo-eysines,301,audit-seo,ville fusionnée → commune limitrophe conservée
/villes/audit-seo-le-pian-mdoc,/consultant-seo-le-taillan-medoc,301,audit-seo,slug cassé — ville fusionnée → commune limitrophe conservée
/villes/audit-seo-le-pian-medoc,/consultant-seo-le-taillan-medoc,301,audit-seo,ville fusionnée → commune limitrophe conservée
/villes/audit-seo-le-taillan-mdoc,/consultant-seo-le-taillan-medoc,301,audit-seo,slug cassé — ville conservée
/villes/audit-seo-le-taillan-medoc,/consultant-seo-le-taillan-medoc,301,audit-seo,ville conservée
/villes/audit-seo-le-teich,/consultant-seo-la-teste-de-buch,301,audit-seo,ville fusionnée → commune limitrophe conservée
/villes/audit-seo-lege-cap-ferret,/consultant-seo-lege-cap-ferret,301,audit-seo,ville conservée
/villes/audit-seo-leognan,/consultant-seo-cestas,301,audit-seo,ville fusionnée → commune limitrophe conservée
/villes/audit-seo-lge-cap-ferret,/consultant-seo-lege-cap-ferret,301,audit-seo,slug cassé — ville conservée
/villes/audit-seo-libourne,/consultant-seo-libourne,301,audit-seo,ville conservée
/villes/audit-seo-lognan,/consultant-seo-cestas,301,audit-seo,slug cassé — ville fusionnée → commune limitrophe conservée
/villes/audit-seo-lormont,/consultant-seo-lormont,301,audit-seo,ville conservée
/villes/audit-seo-ludon-mdoc,/consultant-seo-le-taillan-medoc,301,audit-seo,slug cassé — ville fusionnée → commune limitrophe conservée
/villes/audit-seo-ludon-medoc,/consultant-seo-le-taillan-medoc,301,audit-seo,ville fusionnée → commune limitrophe conservée
/villes/audit-seo-macau,/consultant-seo-le-taillan-medoc,301,audit-seo,ville fusionnée → commune limitrophe conservée
/villes/audit-seo-marcheprime,/consultant-seo-la-teste-de-buch,301,audit-seo,ville fusionnée → commune limitrophe conservée
/villes/audit-seo-marsas,/consultant-seo-libourne,301,audit-seo,ville fusionnée → commune limitrophe conservée
/villes/audit-seo-martignas-sur-jalle,/consultant-seo-saint-medard-en-jalles,301,audit-seo,ville fusionnée → commune limitrophe conservée
/villes/audit-seo-merignac,/consultant-seo-merignac,301,audit-seo,ville conservée
/villes/audit-seo-mios,/consultant-seo-la-teste-de-buch,301,audit-seo,ville fusionnée → commune limitrophe conservée
/villes/audit-seo-monsegur,/consultant-seo-langon,301,audit-seo,ville fusionnée → commune limitrophe conservée
/villes/audit-seo-monsgur,/consultant-seo-langon,301,audit-seo,slug cassé — ville fusionnée → commune limitrophe conservée
/villes/audit-seo-montussan,/consultant-seo-libourne,301,audit-seo,ville fusionnée → commune limitrophe conservée
/villes/audit-seo-mrignac,/consultant-seo-merignac,301,audit-seo,slug cassé — ville conservée
/villes/audit-seo-parempuyre,/consultant-seo-bruges,301,audit-seo,ville fusionnée → commune limitrophe conservée
/villes/audit-seo-pauillac,/consultant-seo-soulac-sur-mer,301,audit-seo,ville fusionnée → commune limitrophe conservée
/villes/audit-seo-pessac,/consultant-seo-pessac,301,audit-seo,ville conservée
/villes/audit-seo-pineuilh,/consultant-seo-coutras,301,audit-seo,ville fusionnée → commune limitrophe conservée
/villes/audit-seo-podensac,/consultant-seo-langon,301,audit-seo,ville fusionnée → commune limitrophe conservée
/villes/audit-seo-sadirac,/consultant-seo-floirac,301,audit-seo,ville fusionnée → commune limitrophe conservée
/villes/audit-seo-saint-andr-de-cubzac,/consultant-seo-libourne,301,audit-seo,slug cassé — ville fusionnée → commune limitrophe conservée
/villes/audit-seo-saint-andre-de-cubzac,/consultant-seo-libourne,301,audit-seo,ville fusionnée → commune limitrophe conservée
/villes/audit-seo-saint-aubin-de-mdoc,/consultant-seo-saint-aubin-de-medoc,301,audit-seo,slug cassé — ville conservée
/villes/audit-seo-saint-aubin-de-medoc,/consultant-seo-saint-aubin-de-medoc,301,audit-seo,ville conservée
/villes/audit-seo-saint-caprais-de-bordeaux,/consultant-seo-floirac,301,audit-seo,ville fusionnée → commune limitrophe conservée
/villes/audit-seo-saint-ciers-sur-gironde,/consultant-seo-libourne,301,audit-seo,ville fusionnée → commune limitrophe conservée
/villes/audit-seo-saint-denis-de-pile,/consultant-seo-coutras,301,audit-seo,ville fusionnée → commune limitrophe conservée
/villes/audit-seo-saint-emilion,/consultant-seo-libourne,301,audit-seo,ville fusionnée → commune limitrophe conservée
/villes/audit-seo-saint-jean-dillac,/consultant-seo-saint-medard-en-jalles,301,audit-seo,ville fusionnée → commune limitrophe conservée
/villes/audit-seo-saint-laurent-mdoc,/consultant-seo-soulac-sur-mer,301,audit-seo,slug cassé — ville fusionnée → commune limitrophe conservée
/villes/audit-seo-saint-laurent-medoc,/consultant-seo-soulac-sur-mer,301,audit-seo,ville fusionnée → commune limitrophe conservée
/villes/audit-seo-saint-loubes,/consultant-seo-libourne,301,audit-seo,ville fusionnée → commune limitrophe conservée
/villes/audit-seo-saint-loubs,/consultant-seo-libourne,301,audit-seo,slug cassé — ville fusionnée → commune limitrophe conservée
/villes/audit-seo-saint-magne-de-castillon,/consultant-seo-libourne,301,audit-seo,ville fusionnée → commune limitrophe conservée
/villes/audit-seo-saint-mdard-en-jalles,/consultant-seo-saint-medard-en-jalles,301,audit-seo,slug cassé — ville conservée
/villes/audit-seo-saint-medard-en-jalles,/consultant-seo-saint-medard-en-jalles,301,audit-seo,ville conservée
/villes/audit-seo-saint-savin,/consultant-seo-libourne,301,audit-seo,ville fusionnée → commune limitrophe conservée
/villes/audit-seo-saint-seurin-sur-lisle,/consultant-seo-coutras,301,audit-seo,ville fusionnée → commune limitrophe conservée
/villes/audit-seo-saint-sulpice-et-cameyrac,/consultant-seo-libourne,301,audit-seo,ville fusionnée → commune limitrophe conservée
/villes/audit-seo-sainte-eulalie,/consultant-seo-libourne,301,audit-seo,ville fusionnée → commune limitrophe conservée
/villes/audit-seo-sainte-foy-la-grande,/consultant-seo-coutras,301,audit-seo,ville fusionnée → commune limitrophe conservée
/villes/audit-seo-sainte-helene,/consultant-seo-saint-aubin-de-medoc,301,audit-seo,ville fusionnée → commune limitrophe conservée
/villes/audit-seo-sainte-hlne,/consultant-seo-saint-aubin-de-medoc,301,audit-seo,slug cassé — ville fusionnée → commune limitrophe conservée
/villes/audit-seo-salles,/consultant-seo-cestas,301,audit-seo,ville fusionnée → commune limitrophe conservée
/villes/audit-seo-sauveterre-de-guyenne,/consultant-seo-langon,301,audit-seo,ville fusionnée → commune limitrophe conservée
/villes/audit-seo-soulac-sur-mer,/consultant-seo-soulac-sur-mer,301,audit-seo,ville conservée
/villes/audit-seo-talence,/consultant-seo-talence,301,audit-seo,ville conservée
/villes/audit-seo-targon,/consultant-seo-langon,301,audit-seo,ville fusionnée → commune limitrophe conservée
/villes/audit-seo-tresses,/consultant-seo-floirac,301,audit-seo,ville fusionnée → commune limitrophe conservée
/villes/audit-seo-vayres,/consultant-seo-libourne,301,audit-seo,ville fusionnée → commune limitrophe conservée
/villes/audit-seo-vendays-montalivet,/consultant-seo-soulac-sur-mer,301,audit-seo,ville fusionnée → commune limitrophe conservée
/villes/audit-seo-villenave-d-ornon,/consultant-seo-villenave-dornon,301,audit-seo,slug cassé — ville conservée
/villes/audit-seo-villenave-dornon,/consultant-seo-villenave-dornon,301,audit-seo,ville conservée
/villes/audit-seo-yvrac,/consultant-seo-floirac,301,audit-seo,ville fusionnée → commune limitrophe conservée
/villes/black-hat-seo-ambares-et-lagrave,/consultant-seo-lormont,301,black-hat-seo,ville fusionnée → commune limitrophe conservée
/villes/black-hat-seo-ambars-et-lagrave,/consultant-seo-lormont,301,black-hat-seo,slug cassé — ville fusionnée → commune limitrophe conservée
/villes/black-hat-seo-ambes,/consultant-seo-lormont,301,black-hat-seo,ville fusionnée → commune limitrophe conservée
/villes/black-hat-seo-ambs,/consultant-seo-lormont,301,black-hat-seo,slug cassé — ville fusionnée → commune limitrophe conservée
/villes/black-hat-seo-andernos-les-bains,/consultant-seo-ares,301,black-hat-seo,ville fusionnée → commune limitrophe conservée
/villes/black-hat-seo-arcachon,/consultant-seo-arcachon,301,black-hat-seo,ville conservée
/villes/black-hat-seo-ares,/consultant-seo-ares,301,black-hat-seo,ville conservée
/villes/black-hat-seo-ars,/consultant-seo-ares,301,black-hat-seo,slug cassé — ville conservée
/villes/black-hat-seo-arsac,/consultant-seo-le-taillan-medoc,301,black-hat-seo,ville fusionnée → commune limitrophe conservée
/villes/black-hat-seo-artigues-pres-bordeaux,/consultant-seo-floirac,301,black-hat-seo,ville fusionnée → commune limitrophe conservée
/villes/black-hat-seo-artigues-prs-bordeaux,/consultant-seo-floirac,301,black-hat-seo,slug cassé — ville fusionnée → commune limitrophe conservée
/villes/black-hat-seo-audenge,/consultant-seo-ares,301,black-hat-seo,ville fusionnée → commune limitrophe conservée
/villes/black-hat-seo-avensan,/consultant-seo-le-taillan-medoc,301,black-hat-seo,ville fusionnée → commune limitrophe conservée
/villes/black-hat-seo-bassens,/consultant-seo-lormont,301,black-hat-seo,ville fusionnée → commune limitrophe conservée
/villes/black-hat-seo-bazas,/consultant-seo-bazas,301,black-hat-seo,ville conservée
/villes/black-hat-seo-begles,/consultant-seo-begles,301,black-hat-seo,ville conservée
/villes/black-hat-seo-belin-beliet,/consultant-seo-cestas,301,black-hat-seo,ville fusionnée → commune limitrophe conservée
/villes/black-hat-seo-belin-bliet,/consultant-seo-cestas,301,black-hat-seo,slug cassé — ville fusionnée → commune limitrophe conservée
/villes/black-hat-seo-bgles,/consultant-seo-begles,301,black-hat-seo,slug cassé — ville conservée
/villes/black-hat-seo-biganos,/consultant-seo-la-teste-de-buch,301,black-hat-seo,ville fusionnée → commune limitrophe conservée
/villes/black-hat-seo-blanquefort,/consultant-seo-bruges,301,black-hat-seo,ville fusionnée → commune limitrophe conservée
/villes/black-hat-seo-blaye,/consultant-seo-libourne,301,black-hat-seo,ville fusionnée → commune limitrophe conservée
/villes/black-hat-seo-bouliac,/consultant-seo-floirac,301,black-hat-seo,ville fusionnée → commune limitrophe conservée
/villes/black-hat-seo-bourg,/consultant-seo-libourne,301,black-hat-seo,ville fusionnée → commune limitrophe conservée
/villes/black-hat-seo-bruges,/consultant-seo-bruges,301,black-hat-seo,ville conservée
/villes/black-hat-seo-cadaujac,/consultant-seo-villenave-dornon,301,black-hat-seo,ville fusionnée → commune limitrophe conservée
/villes/black-hat-seo-cadillac,/consultant-seo-langon,301,black-hat-seo,ville fusionnée → commune limitrophe conservée
/villes/black-hat-seo-canejan,/consultant-seo-cestas,301,black-hat-seo,ville fusionnée → commune limitrophe conservée
/villes/black-hat-seo-canjan,/consultant-seo-cestas,301,black-hat-seo,slug cassé — ville fusionnée → commune limitrophe conservée
/villes/black-hat-seo-carbon-blanc,/consultant-seo-lormont,301,black-hat-seo,ville fusionnée → commune limitrophe conservée
/villes/black-hat-seo-carignan-de-bordeaux,/consultant-seo-floirac,301,black-hat-seo,ville fusionnée → commune limitrophe conservée
/villes/black-hat-seo-castelnau-de-mdoc,/consultant-seo-le-taillan-medoc,301,black-hat-seo,slug cassé — ville fusionnée → commune limitrophe conservée
/villes/black-hat-seo-castelnau-de-medoc,/consultant-seo-le-taillan-medoc,301,black-hat-seo,ville fusionnée → commune limitrophe conservée
/villes/black-hat-seo-castillon-la-bataille,/consultant-seo-libourne,301,black-hat-seo,ville fusionnée → commune limitrophe conservée
/villes/black-hat-seo-castres-gironde,/consultant-seo-villenave-dornon,301,black-hat-seo,ville fusionnée → commune limitrophe conservée
/villes/black-hat-seo-cenon,/consultant-seo-lormont,301,black-hat-seo,ville fusionnée → commune limitrophe conservée
/villes/black-hat-seo-cestas,/consultant-seo-cestas,301,black-hat-seo,ville conservée
/villes/black-hat-seo-cezac,/consultant-seo-libourne,301,black-hat-seo,ville fusionnée → commune limitrophe conservée
/villes/black-hat-seo-coutras,/consultant-seo-coutras,301,black-hat-seo,ville conservée
/villes/black-hat-seo-creon,/consultant-seo-floirac,301,black-hat-seo,ville fusionnée → commune limitrophe conservée
/villes/black-hat-seo-cron,/consultant-seo-floirac,301,black-hat-seo,slug cassé — ville fusionnée → commune limitrophe conservée
/villes/black-hat-seo-czac,/consultant-seo-libourne,301,black-hat-seo,slug cassé — ville fusionnée → commune limitrophe conservée
/villes/black-hat-seo-eysines,/consultant-seo-eysines,301,black-hat-seo,ville conservée
/villes/black-hat-seo-fargues-saint-hilaire,/consultant-seo-floirac,301,black-hat-seo,ville fusionnée → commune limitrophe conservée
/villes/black-hat-seo-floirac,/consultant-seo-floirac,301,black-hat-seo,ville conservée
/villes/black-hat-seo-galgon,/consultant-seo-libourne,301,black-hat-seo,ville fusionnée → commune limitrophe conservée
/villes/black-hat-seo-gradignan,/consultant-seo-gradignan,301,black-hat-seo,ville conservée
/villes/black-hat-seo-gujan-mestras,/consultant-seo-la-teste-de-buch,301,black-hat-seo,ville fusionnée → commune limitrophe conservée
/villes/black-hat-seo-hourtin,/consultant-seo-lacanau,301,black-hat-seo,ville fusionnée → commune limitrophe conservée
/villes/black-hat-seo-izon,/consultant-seo-libourne,301,black-hat-seo,ville fusionnée → commune limitrophe conservée
/villes/black-hat-seo-la-brde,/consultant-seo-cestas,301,black-hat-seo,slug cassé — ville fusionnée → commune limitrophe conservée
/villes/black-hat-seo-la-brede,/consultant-seo-cestas,301,black-hat-seo,ville fusionnée → commune limitrophe conservée
/villes/black-hat-seo-la-reole,/consultant-seo-langon,301,black-hat-seo,ville fusionnée → commune limitrophe conservée
/villes/black-hat-seo-la-role,/consultant-seo-langon,301,black-hat-seo,slug cassé — ville fusionnée → commune limitrophe conservée
/villes/black-hat-seo-la-teste-de-buch,/consultant-seo-la-teste-de-buch,301,black-hat-seo,ville conservée
/villes/black-hat-seo-lacanau,/consultant-seo-lacanau,301,black-hat-seo,ville conservée
/villes/black-hat-seo-langon,/consultant-seo-langon,301,black-hat-seo,ville conservée
/villes/black-hat-seo-lanton,/consultant-seo-ares,301,black-hat-seo,ville fusionnée → commune limitrophe conservée
/villes/black-hat-seo-latresne,/consultant-seo-floirac,301,black-hat-seo,ville fusionnée → commune limitrophe conservée
/villes/black-hat-seo-le-barp,/consultant-seo-cestas,301,black-hat-seo,ville fusionnée → commune limitrophe conservée
/villes/black-hat-seo-le-bouscat,/consultant-seo-le-bouscat,301,black-hat-seo,ville conservée
/villes/black-hat-seo-le-haillan,/consultant-seo-eysines,301,black-hat-seo,ville fusionnée → commune limitrophe conservée
/villes/black-hat-seo-le-pian-mdoc,/consultant-seo-le-taillan-medoc,301,black-hat-seo,slug cassé — ville fusionnée → commune limitrophe conservée
/villes/black-hat-seo-le-pian-medoc,/consultant-seo-le-taillan-medoc,301,black-hat-seo,ville fusionnée → commune limitrophe conservée
/villes/black-hat-seo-le-taillan-mdoc,/consultant-seo-le-taillan-medoc,301,black-hat-seo,slug cassé — ville conservée
/villes/black-hat-seo-le-taillan-medoc,/consultant-seo-le-taillan-medoc,301,black-hat-seo,ville conservée
/villes/black-hat-seo-le-teich,/consultant-seo-la-teste-de-buch,301,black-hat-seo,ville fusionnée → commune limitrophe conservée
/villes/black-hat-seo-lege-cap-ferret,/consultant-seo-lege-cap-ferret,301,black-hat-seo,ville conservée
/villes/black-hat-seo-leognan,/consultant-seo-cestas,301,black-hat-seo,ville fusionnée → commune limitrophe conservée
/villes/black-hat-seo-lge-cap-ferret,/consultant-seo-lege-cap-ferret,301,black-hat-seo,slug cassé — ville conservée
/villes/black-hat-seo-libourne,/consultant-seo-libourne,301,black-hat-seo,ville conservée
/villes/black-hat-seo-lognan,/consultant-seo-cestas,301,black-hat-seo,slug cassé — ville fusionnée → commune limitrophe conservée
/villes/black-hat-seo-lormont,/consultant-seo-lormont,301,black-hat-seo,ville conservée
/villes/black-hat-seo-ludon-mdoc,/consultant-seo-le-taillan-medoc,301,black-hat-seo,slug cassé — ville fusionnée → commune limitrophe conservée
/villes/black-hat-seo-ludon-medoc,/consultant-seo-le-taillan-medoc,301,black-hat-seo,ville fusionnée → commune limitrophe conservée
/villes/black-hat-seo-macau,/consultant-seo-le-taillan-medoc,301,black-hat-seo,ville fusionnée → commune limitrophe conservée
/villes/black-hat-seo-marcheprime,/consultant-seo-la-teste-de-buch,301,black-hat-seo,ville fusionnée → commune limitrophe conservée
/villes/black-hat-seo-marsas,/consultant-seo-libourne,301,black-hat-seo,ville fusionnée → commune limitrophe conservée
/villes/black-hat-seo-martignas-sur-jalle,/consultant-seo-saint-medard-en-jalles,301,black-hat-seo,ville fusionnée → commune limitrophe conservée
/villes/black-hat-seo-merignac,/consultant-seo-merignac,301,black-hat-seo,ville conservée
/villes/black-hat-seo-mios,/consultant-seo-la-teste-de-buch,301,black-hat-seo,ville fusionnée → commune limitrophe conservée
/villes/black-hat-seo-monsegur,/consultant-seo-langon,301,black-hat-seo,ville fusionnée → commune limitrophe conservée
/villes/black-hat-seo-monsgur,/consultant-seo-langon,301,black-hat-seo,slug cassé — ville fusionnée → commune limitrophe conservée
/villes/black-hat-seo-montussan,/consultant-seo-libourne,301,black-hat-seo,ville fusionnée → commune limitrophe conservée
/villes/black-hat-seo-mrignac,/consultant-seo-merignac,301,black-hat-seo,slug cassé — ville conservée
/villes/black-hat-seo-parempuyre,/consultant-seo-bruges,301,black-hat-seo,ville fusionnée → commune limitrophe conservée
/villes/black-hat-seo-pauillac,/consultant-seo-soulac-sur-mer,301,black-hat-seo,ville fusionnée → commune limitrophe conservée
/villes/black-hat-seo-pessac,/consultant-seo-pessac,301,black-hat-seo,ville conservée
/villes/black-hat-seo-pineuilh,/consultant-seo-coutras,301,black-hat-seo,ville fusionnée → commune limitrophe conservée
/villes/black-hat-seo-podensac,/consultant-seo-langon,301,black-hat-seo,ville fusionnée → commune limitrophe conservée
/villes/black-hat-seo-sadirac,/consultant-seo-floirac,301,black-hat-seo,ville fusionnée → commune limitrophe conservée
/villes/black-hat-seo-saint-andr-de-cubzac,/consultant-seo-libourne,301,black-hat-seo,slug cassé — ville fusionnée → commune limitrophe conservée
/villes/black-hat-seo-saint-andre-de-cubzac,/consultant-seo-libourne,301,black-hat-seo,ville fusionnée → commune limitrophe conservée
/villes/black-hat-seo-saint-aubin-de-mdoc,/consultant-seo-saint-aubin-de-medoc,301,black-hat-seo,slug cassé — ville conservée
/villes/black-hat-seo-saint-aubin-de-medoc,/consultant-seo-saint-aubin-de-medoc,301,black-hat-seo,ville conservée
/villes/black-hat-seo-saint-caprais-de-bordeaux,/consultant-seo-floirac,301,black-hat-seo,ville fusionnée → commune limitrophe conservée
/villes/black-hat-seo-saint-ciers-sur-gironde,/consultant-seo-libourne,301,black-hat-seo,ville fusionnée → commune limitrophe conservée
/villes/black-hat-seo-saint-denis-de-pile,/consultant-seo-coutras,301,black-hat-seo,ville fusionnée → commune limitrophe conservée
/villes/black-hat-seo-saint-emilion,/consultant-seo-libourne,301,black-hat-seo,ville fusionnée → commune limitrophe conservée
/villes/black-hat-seo-saint-jean-dillac,/consultant-seo-saint-medard-en-jalles,301,black-hat-seo,ville fusionnée → commune limitrophe conservée
/villes/black-hat-seo-saint-laurent-mdoc,/consultant-seo-soulac-sur-mer,301,black-hat-seo,slug cassé — ville fusionnée → commune limitrophe conservée
/villes/black-hat-seo-saint-laurent-medoc,/consultant-seo-soulac-sur-mer,301,black-hat-seo,ville fusionnée → commune limitrophe conservée
/villes/black-hat-seo-saint-loubes,/consultant-seo-libourne,301,black-hat-seo,ville fusionnée → commune limitrophe conservée
/villes/black-hat-seo-saint-loubs,/consultant-seo-libourne,301,black-hat-seo,slug cassé — ville fusionnée → commune limitrophe conservée
/villes/black-hat-seo-saint-magne-de-castillon,/consultant-seo-libourne,301,black-hat-seo,ville fusionnée → commune limitrophe conservée
/villes/black-hat-seo-saint-mdard-en-jalles,/consultant-seo-saint-medard-en-jalles,301,black-hat-seo,slug cassé — ville conservée
/villes/black-hat-seo-saint-medard-en-jalles,/consultant-seo-saint-medard-en-jalles,301,black-hat-seo,ville conservée
/villes/black-hat-seo-saint-savin,/consultant-seo-libourne,301,black-hat-seo,ville fusionnée → commune limitrophe conservée
/villes/black-hat-seo-saint-seurin-sur-lisle,/consultant-seo-coutras,301,black-hat-seo,ville fusionnée → commune limitrophe conservée
/villes/black-hat-seo-saint-sulpice-et-cameyrac,/consultant-seo-libourne,301,black-hat-seo,ville fusionnée → commune limitrophe conservée
/villes/black-hat-seo-sainte-eulalie,/consultant-seo-libourne,301,black-hat-seo,ville fusionnée → commune limitrophe conservée
/villes/black-hat-seo-sainte-foy-la-grande,/consultant-seo-coutras,301,black-hat-seo,ville fusionnée → commune limitrophe conservée
/villes/black-hat-seo-sainte-helene,/consultant-seo-saint-aubin-de-medoc,301,black-hat-seo,ville fusionnée → commune limitrophe conservée
/villes/black-hat-seo-sainte-hlne,/consultant-seo-saint-aubin-de-medoc,301,black-hat-seo,slug cassé — ville fusionnée → commune limitrophe conservée
/villes/black-hat-seo-salles,/consultant-seo-cestas,301,black-hat-seo,ville fusionnée → commune limitrophe conservée
/villes/black-hat-seo-sauveterre-de-guyenne,/consultant-seo-langon,301,black-hat-seo,ville fusionnée → commune limitrophe conservée
/villes/black-hat-seo-soulac-sur-mer,/consultant-seo-soulac-sur-mer,301,black-hat-seo,ville conservée
/villes/black-hat-seo-talence,/consultant-seo-talence,301,black-hat-seo,ville conservée
/villes/black-hat-seo-targon,/consultant-seo-langon,301,black-hat-seo,ville fusionnée → commune limitrophe conservée
/villes/black-hat-seo-tresses,/consultant-seo-floirac,301,black-hat-seo,ville fusionnée → commune limitrophe conservée
/villes/black-hat-seo-vayres,/consultant-seo-libourne,301,black-hat-seo,ville fusionnée → commune limitrophe conservée
/villes/black-hat-seo-vendays-montalivet,/consultant-seo-soulac-sur-mer,301,black-hat-seo,ville fusionnée → commune limitrophe conservée
/villes/black-hat-seo-villenave-d-ornon,/consultant-seo-villenave-dornon,301,black-hat-seo,slug cassé — ville conservée
/villes/black-hat-seo-villenave-dornon,/consultant-seo-villenave-dornon,301,black-hat-seo,ville conservée
/villes/black-hat-seo-yvrac,/consultant-seo-floirac,301,black-hat-seo,ville fusionnée → commune limitrophe conservée
/villes/netlinking-ambares-et-lagrave,/consultant-seo-lormont,301,netlinking,ville fusionnée → commune limitrophe conservée
/villes/netlinking-ambars-et-lagrave,/consultant-seo-lormont,301,netlinking,slug cassé — ville fusionnée → commune limitrophe conservée
/villes/netlinking-ambes,/consultant-seo-lormont,301,netlinking,ville fusionnée → commune limitrophe conservée
/villes/netlinking-ambs,/consultant-seo-lormont,301,netlinking,slug cassé — ville fusionnée → commune limitrophe conservée
/villes/netlinking-andernos-les-bains,/consultant-seo-ares,301,netlinking,ville fusionnée → commune limitrophe conservée
/villes/netlinking-arcachon,/consultant-seo-arcachon,301,netlinking,ville conservée
/villes/netlinking-ares,/consultant-seo-ares,301,netlinking,ville conservée
/villes/netlinking-ars,/consultant-seo-ares,301,netlinking,slug cassé — ville conservée
/villes/netlinking-arsac,/consultant-seo-le-taillan-medoc,301,netlinking,ville fusionnée → commune limitrophe conservée
/villes/netlinking-artigues-pres-bordeaux,/consultant-seo-floirac,301,netlinking,ville fusionnée → commune limitrophe conservée
/villes/netlinking-artigues-prs-bordeaux,/consultant-seo-floirac,301,netlinking,slug cassé — ville fusionnée → commune limitrophe conservée
/villes/netlinking-audenge,/consultant-seo-ares,301,netlinking,ville fusionnée → commune limitrophe conservée
/villes/netlinking-avensan,/consultant-seo-le-taillan-medoc,301,netlinking,ville fusionnée → commune limitrophe conservée
/villes/netlinking-bassens,/consultant-seo-lormont,301,netlinking,ville fusionnée → commune limitrophe conservée
/villes/netlinking-bazas,/consultant-seo-bazas,301,netlinking,ville conservée
/villes/netlinking-begles,/consultant-seo-begles,301,netlinking,ville conservée
/villes/netlinking-belin-beliet,/consultant-seo-cestas,301,netlinking,ville fusionnée → commune limitrophe conservée
/villes/netlinking-belin-bliet,/consultant-seo-cestas,301,netlinking,slug cassé — ville fusionnée → commune limitrophe conservée
/villes/netlinking-bgles,/consultant-seo-begles,301,netlinking,slug cassé — ville conservée
/villes/netlinking-biganos,/consultant-seo-la-teste-de-buch,301,netlinking,ville fusionnée → commune limitrophe conservée
/villes/netlinking-blanquefort,/consultant-seo-bruges,301,netlinking,ville fusionnée → commune limitrophe conservée
/villes/netlinking-blaye,/consultant-seo-libourne,301,netlinking,ville fusionnée → commune limitrophe conservée
/villes/netlinking-bouliac,/consultant-seo-floirac,301,netlinking,ville fusionnée → commune limitrophe conservée
/villes/netlinking-bourg,/consultant-seo-libourne,301,netlinking,ville fusionnée → commune limitrophe conservée
/villes/netlinking-bruges,/consultant-seo-bruges,301,netlinking,ville conservée
/villes/netlinking-cadaujac,/consultant-seo-villenave-dornon,301,netlinking,ville fusionnée → commune limitrophe conservée
/villes/netlinking-cadillac,/consultant-seo-langon,301,netlinking,ville fusionnée → commune limitrophe conservée
/villes/netlinking-canejan,/consultant-seo-cestas,301,netlinking,ville fusionnée → commune limitrophe conservée
/villes/netlinking-canjan,/consultant-seo-cestas,301,netlinking,slug cassé — ville fusionnée → commune limitrophe conservée
/villes/netlinking-carbon-blanc,/consultant-seo-lormont,301,netlinking,ville fusionnée → commune limitrophe conservée
/villes/netlinking-carignan-de-bordeaux,/consultant-seo-floirac,301,netlinking,ville fusionnée → commune limitrophe conservée
/villes/netlinking-castelnau-de-mdoc,/consultant-seo-le-taillan-medoc,301,netlinking,slug cassé — ville fusionnée → commune limitrophe conservée
/villes/netlinking-castelnau-de-medoc,/consultant-seo-le-taillan-medoc,301,netlinking,ville fusionnée → commune limitrophe conservée
/villes/netlinking-castillon-la-bataille,/consultant-seo-libourne,301,netlinking,ville fusionnée → commune limitrophe conservée
/villes/netlinking-castres-gironde,/consultant-seo-villenave-dornon,301,netlinking,ville fusionnée → commune limitrophe conservée
/villes/netlinking-cenon,/consultant-seo-lormont,301,netlinking,ville fusionnée → commune limitrophe conservée
/villes/netlinking-cestas,/consultant-seo-cestas,301,netlinking,ville conservée
/villes/netlinking-cezac,/consultant-seo-libourne,301,netlinking,ville fusionnée → commune limitrophe conservée
/villes/netlinking-coutras,/consultant-seo-coutras,301,netlinking,ville conservée
/villes/netlinking-creon,/consultant-seo-floirac,301,netlinking,ville fusionnée → commune limitrophe conservée
/villes/netlinking-cron,/consultant-seo-floirac,301,netlinking,slug cassé — ville fusionnée → commune limitrophe conservée
/villes/netlinking-czac,/consultant-seo-libourne,301,netlinking,slug cassé — ville fusionnée → commune limitrophe conservée
/villes/netlinking-eysines,/consultant-seo-eysines,301,netlinking,ville conservée
/villes/netlinking-fargues-saint-hilaire,/consultant-seo-floirac,301,netlinking,ville fusionnée → commune limitrophe conservée
/villes/netlinking-floirac,/consultant-seo-floirac,301,netlinking,ville conservée
/villes/netlinking-galgon,/consultant-seo-libourne,301,netlinking,ville fusionnée → commune limitrophe conservée
/villes/netlinking-gradignan,/consultant-seo-gradignan,301,netlinking,ville conservée
/villes/netlinking-gujan-mestras,/consultant-seo-la-teste-de-buch,301,netlinking,ville fusionnée → commune limitrophe conservée
/villes/netlinking-hourtin,/consultant-seo-lacanau,301,netlinking,ville fusionnée → commune limitrophe conservée
/villes/netlinking-izon,/consultant-seo-libourne,301,netlinking,ville fusionnée → commune limitrophe conservée
/villes/netlinking-la-brde,/consultant-seo-cestas,301,netlinking,slug cassé — ville fusionnée → commune limitrophe conservée
/villes/netlinking-la-brede,/consultant-seo-cestas,301,netlinking,ville fusionnée → commune limitrophe conservée
/villes/netlinking-la-reole,/consultant-seo-langon,301,netlinking,ville fusionnée → commune limitrophe conservée
/villes/netlinking-la-role,/consultant-seo-langon,301,netlinking,slug cassé — ville fusionnée → commune limitrophe conservée
/villes/netlinking-la-teste-de-buch,/consultant-seo-la-teste-de-buch,301,netlinking,ville conservée
/villes/netlinking-lacanau,/consultant-seo-lacanau,301,netlinking,ville conservée
/villes/netlinking-langon,/consultant-seo-langon,301,netlinking,ville conservée
/villes/netlinking-lanton,/consultant-seo-ares,301,netlinking,ville fusionnée → commune limitrophe conservée
/villes/netlinking-latresne,/consultant-seo-floirac,301,netlinking,ville fusionnée → commune limitrophe conservée
/villes/netlinking-le-barp,/consultant-seo-cestas,301,netlinking,ville fusionnée → commune limitrophe conservée
/villes/netlinking-le-bouscat,/consultant-seo-le-bouscat,301,netlinking,ville conservée
/villes/netlinking-le-haillan,/consultant-seo-eysines,301,netlinking,ville fusionnée → commune limitrophe conservée
/villes/netlinking-le-pian-mdoc,/consultant-seo-le-taillan-medoc,301,netlinking,slug cassé — ville fusionnée → commune limitrophe conservée
/villes/netlinking-le-pian-medoc,/consultant-seo-le-taillan-medoc,301,netlinking,ville fusionnée → commune limitrophe conservée
/villes/netlinking-le-taillan-mdoc,/consultant-seo-le-taillan-medoc,301,netlinking,slug cassé — ville conservée
/villes/netlinking-le-taillan-medoc,/consultant-seo-le-taillan-medoc,301,netlinking,ville conservée
/villes/netlinking-le-teich,/consultant-seo-la-teste-de-buch,301,netlinking,ville fusionnée → commune limitrophe conservée
/villes/netlinking-lege-cap-ferret,/consultant-seo-lege-cap-ferret,301,netlinking,ville conservée
/villes/netlinking-leognan,/consultant-seo-cestas,301,netlinking,ville fusionnée → commune limitrophe conservée
/villes/netlinking-lge-cap-ferret,/consultant-seo-lege-cap-ferret,301,netlinking,slug cassé — ville conservée
/villes/netlinking-libourne,/consultant-seo-libourne,301,netlinking,ville conservée
/villes/netlinking-lognan,/consultant-seo-cestas,301,netlinking,slug cassé — ville fusionnée → commune limitrophe conservée
/villes/netlinking-lormont,/consultant-seo-lormont,301,netlinking,ville conservée
/villes/netlinking-ludon-mdoc,/consultant-seo-le-taillan-medoc,301,netlinking,slug cassé — ville fusionnée → commune limitrophe conservée
/villes/netlinking-ludon-medoc,/consultant-seo-le-taillan-medoc,301,netlinking,ville fusionnée → commune limitrophe conservée
/villes/netlinking-macau,/consultant-seo-le-taillan-medoc,301,netlinking,ville fusionnée → commune limitrophe conservée
/villes/netlinking-marcheprime,/consultant-seo-la-teste-de-buch,301,netlinking,ville fusionnée → commune limitrophe conservée
/villes/netlinking-marsas,/consultant-seo-libourne,301,netlinking,ville fusionnée → commune limitrophe conservée
/villes/netlinking-martignas-sur-jalle,/consultant-seo-saint-medard-en-jalles,301,netlinking,ville fusionnée → commune limitrophe conservée
/villes/netlinking-merignac,/consultant-seo-merignac,301,netlinking,ville conservée
/villes/netlinking-mios,/consultant-seo-la-teste-de-buch,301,netlinking,ville fusionnée → commune limitrophe conservée
/villes/netlinking-monsegur,/consultant-seo-langon,301,netlinking,ville fusionnée → commune limitrophe conservée
/villes/netlinking-monsgur,/consultant-seo-langon,301,netlinking,slug cassé — ville fusionnée → commune limitrophe conservée
/villes/netlinking-montussan,/consultant-seo-libourne,301,netlinking,ville fusionnée → commune limitrophe conservée
/villes/netlinking-mrignac,/consultant-seo-merignac,301,netlinking,slug cassé — ville conservée
/villes/netlinking-parempuyre,/consultant-seo-bruges,301,netlinking,ville fusionnée → commune limitrophe conservée
/villes/netlinking-pauillac,/consultant-seo-soulac-sur-mer,301,netlinking,ville fusionnée → commune limitrophe conservée
/villes/netlinking-pessac,/consultant-seo-pessac,301,netlinking,ville conservée
/villes/netlinking-pineuilh,/consultant-seo-coutras,301,netlinking,ville fusionnée → commune limitrophe conservée
/villes/netlinking-podensac,/consultant-seo-langon,301,netlinking,ville fusionnée → commune limitrophe conservée
/villes/netlinking-sadirac,/consultant-seo-floirac,301,netlinking,ville fusionnée → commune limitrophe conservée
/villes/netlinking-saint-andr-de-cubzac,/consultant-seo-libourne,301,netlinking,slug cassé — ville fusionnée → commune limitrophe conservée
/villes/netlinking-saint-andre-de-cubzac,/consultant-seo-libourne,301,netlinking,ville fusionnée → commune limitrophe conservée
/villes/netlinking-saint-aubin-de-mdoc,/consultant-seo-saint-aubin-de-medoc,301,netlinking,slug cassé — ville conservée
/villes/netlinking-saint-aubin-de-medoc,/consultant-seo-saint-aubin-de-medoc,301,netlinking,ville conservée
/villes/netlinking-saint-caprais-de-bordeaux,/consultant-seo-floirac,301,netlinking,ville fusionnée → commune limitrophe conservée
/villes/netlinking-saint-ciers-sur-gironde,/consultant-seo-libourne,301,netlinking,ville fusionnée → commune limitrophe conservée
/villes/netlinking-saint-denis-de-pile,/consultant-seo-coutras,301,netlinking,ville fusionnée → commune limitrophe conservée
/villes/netlinking-saint-emilion,/consultant-seo-libourne,301,netlinking,ville fusionnée → commune limitrophe conservée
/villes/netlinking-saint-jean-dillac,/consultant-seo-saint-medard-en-jalles,301,netlinking,ville fusionnée → commune limitrophe conservée
/villes/netlinking-saint-laurent-mdoc,/consultant-seo-soulac-sur-mer,301,netlinking,slug cassé — ville fusionnée → commune limitrophe conservée
/villes/netlinking-saint-laurent-medoc,/consultant-seo-soulac-sur-mer,301,netlinking,ville fusionnée → commune limitrophe conservée
/villes/netlinking-saint-loubes,/consultant-seo-libourne,301,netlinking,ville fusionnée → commune limitrophe conservée
/villes/netlinking-saint-loubs,/consultant-seo-libourne,301,netlinking,slug cassé — ville fusionnée → commune limitrophe conservée
/villes/netlinking-saint-magne-de-castillon,/consultant-seo-libourne,301,netlinking,ville fusionnée → commune limitrophe conservée
/villes/netlinking-saint-mdard-en-jalles,/consultant-seo-saint-medard-en-jalles,301,netlinking,slug cassé — ville conservée
/villes/netlinking-saint-medard-en-jalles,/consultant-seo-saint-medard-en-jalles,301,netlinking,ville conservée
/villes/netlinking-saint-savin,/consultant-seo-libourne,301,netlinking,ville fusionnée → commune limitrophe conservée
/villes/netlinking-saint-seurin-sur-lisle,/consultant-seo-coutras,301,netlinking,ville fusionnée → commune limitrophe conservée
/villes/netlinking-saint-sulpice-et-cameyrac,/consultant-seo-libourne,301,netlinking,ville fusionnée → commune limitrophe conservée
/villes/netlinking-sainte-eulalie,/consultant-seo-libourne,301,netlinking,ville fusionnée → commune limitrophe conservée
/villes/netlinking-sainte-foy-la-grande,/consultant-seo-coutras,301,netlinking,ville fusionnée → commune limitrophe conservée
/villes/netlinking-sainte-helene,/consultant-seo-saint-aubin-de-medoc,301,netlinking,ville fusionnée → commune limitrophe conservée
/villes/netlinking-sainte-hlne,/consultant-seo-saint-aubin-de-medoc,301,netlinking,slug cassé — ville fusionnée → commune limitrophe conservée
/villes/netlinking-salles,/consultant-seo-cestas,301,netlinking,ville fusionnée → commune limitrophe conservée
/villes/netlinking-sauveterre-de-guyenne,/consultant-seo-langon,301,netlinking,ville fusionnée → commune limitrophe conservée
/villes/netlinking-soulac-sur-mer,/consultant-seo-soulac-sur-mer,301,netlinking,ville conservée
/villes/netlinking-talence,/consultant-seo-talence,301,netlinking,ville conservée
/villes/netlinking-targon,/consultant-seo-langon,301,netlinking,ville fusionnée → commune limitrophe conservée
/villes/netlinking-tresses,/consultant-seo-floirac,301,netlinking,ville fusionnée → commune limitrophe conservée
/villes/netlinking-vayres,/consultant-seo-libourne,301,netlinking,ville fusionnée → commune limitrophe conservée
/villes/netlinking-vendays-montalivet,/consultant-seo-soulac-sur-mer,301,netlinking,ville fusionnée → commune limitrophe conservée
/villes/netlinking-villenave-d-ornon,/consultant-seo-villenave-dornon,301,netlinking,slug cassé — ville conservée
/villes/netlinking-villenave-dornon,/consultant-seo-villenave-dornon,301,netlinking,ville conservée
/villes/netlinking-yvrac,/consultant-seo-floirac,301,netlinking,ville fusionnée → commune limitrophe conservée
/villes/optimisation-on-page-ambares-et-lagrave,/consultant-seo-lormont,301,optimisation-on-page,ville fusionnée → commune limitrophe conservée
/villes/optimisation-on-page-ambars-et-lagrave,/consultant-seo-lormont,301,optimisation-on-page,slug cassé — ville fusionnée → commune limitrophe conservée
/villes/optimisation-on-page-ambes,/consultant-seo-lormont,301,optimisation-on-page,ville fusionnée → commune limitrophe conservée
/villes/optimisation-on-page-ambs,/consultant-seo-lormont,301,optimisation-on-page,slug cassé — ville fusionnée → commune limitrophe conservée
/villes/optimisation-on-page-andernos-les-bains,/consultant-seo-ares,301,optimisation-on-page,ville fusionnée → commune limitrophe conservée
/villes/optimisation-on-page-arcachon,/consultant-seo-arcachon,301,optimisation-on-page,ville conservée
/villes/optimisation-on-page-ares,/consultant-seo-ares,301,optimisation-on-page,ville conservée
/villes/optimisation-on-page-ars,/consultant-seo-ares,301,optimisation-on-page,slug cassé — ville conservée
/villes/optimisation-on-page-arsac,/consultant-seo-le-taillan-medoc,301,optimisation-on-page,ville fusionnée → commune limitrophe conservée
/villes/optimisation-on-page-artigues-pres-bordeaux,/consultant-seo-floirac,301,optimisation-on-page,ville fusionnée → commune limitrophe conservée
/villes/optimisation-on-page-artigues-prs-bordeaux,/consultant-seo-floirac,301,optimisation-on-page,slug cassé — ville fusionnée → commune limitrophe conservée
/villes/optimisation-on-page-audenge,/consultant-seo-ares,301,optimisation-on-page,ville fusionnée → commune limitrophe conservée
/villes/optimisation-on-page-avensan,/consultant-seo-le-taillan-medoc,301,optimisation-on-page,ville fusionnée → commune limitrophe conservée
/villes/optimisation-on-page-bassens,/consultant-seo-lormont,301,optimisation-on-page,ville fusionnée → commune limitrophe conservée
/villes/optimisation-on-page-bazas,/consultant-seo-bazas,301,optimisation-on-page,ville conservée
/villes/optimisation-on-page-begles,/consultant-seo-begles,301,optimisation-on-page,ville conservée
/villes/optimisation-on-page-belin-beliet,/consultant-seo-cestas,301,optimisation-on-page,ville fusionnée → commune limitrophe conservée
/villes/optimisation-on-page-belin-bliet,/consultant-seo-cestas,301,optimisation-on-page,slug cassé — ville fusionnée → commune limitrophe conservée
/villes/optimisation-on-page-bgles,/consultant-seo-begles,301,optimisation-on-page,slug cassé — ville conservée
/villes/optimisation-on-page-biganos,/consultant-seo-la-teste-de-buch,301,optimisation-on-page,ville fusionnée → commune limitrophe conservée
/villes/optimisation-on-page-blanquefort,/consultant-seo-bruges,301,optimisation-on-page,ville fusionnée → commune limitrophe conservée
/villes/optimisation-on-page-blaye,/consultant-seo-libourne,301,optimisation-on-page,ville fusionnée → commune limitrophe conservée
/villes/optimisation-on-page-bouliac,/consultant-seo-floirac,301,optimisation-on-page,ville fusionnée → commune limitrophe conservée
/villes/optimisation-on-page-bourg,/consultant-seo-libourne,301,optimisation-on-page,ville fusionnée → commune limitrophe conservée
/villes/optimisation-on-page-bruges,/consultant-seo-bruges,301,optimisation-on-page,ville conservée
/villes/optimisation-on-page-cadaujac,/consultant-seo-villenave-dornon,301,optimisation-on-page,ville fusionnée → commune limitrophe conservée
/villes/optimisation-on-page-cadillac,/consultant-seo-langon,301,optimisation-on-page,ville fusionnée → commune limitrophe conservée
/villes/optimisation-on-page-canejan,/consultant-seo-cestas,301,optimisation-on-page,ville fusionnée → commune limitrophe conservée
/villes/optimisation-on-page-canjan,/consultant-seo-cestas,301,optimisation-on-page,slug cassé — ville fusionnée → commune limitrophe conservée
/villes/optimisation-on-page-carbon-blanc,/consultant-seo-lormont,301,optimisation-on-page,ville fusionnée → commune limitrophe conservée
/villes/optimisation-on-page-carignan-de-bordeaux,/consultant-seo-floirac,301,optimisation-on-page,ville fusionnée → commune limitrophe conservée
/villes/optimisation-on-page-castelnau-de-mdoc,/consultant-seo-le-taillan-medoc,301,optimisation-on-page,slug cassé — ville fusionnée → commune limitrophe conservée
/villes/optimisation-on-page-castelnau-de-medoc,/consultant-seo-le-taillan-medoc,301,optimisation-on-page,ville fusionnée → commune limitrophe conservée
/villes/optimisation-on-page-castillon-la-bataille,/consultant-seo-libourne,301,optimisation-on-page,ville fusionnée → commune limitrophe conservée
/villes/optimisation-on-page-castres-gironde,/consultant-seo-villenave-dornon,301,optimisation-on-page,ville fusionnée → commune limitrophe conservée
/villes/optimisation-on-page-cenon,/consultant-seo-lormont,301,optimisation-on-page,ville fusionnée → commune limitrophe conservée
/villes/optimisation-on-page-cestas,/consultant-seo-cestas,301,optimisation-on-page,ville conservée
/villes/optimisation-on-page-cezac,/consultant-seo-libourne,301,optimisation-on-page,ville fusionnée → commune limitrophe conservée
/villes/optimisation-on-page-coutras,/consultant-seo-coutras,301,optimisation-on-page,ville conservée
/villes/optimisation-on-page-creon,/consultant-seo-floirac,301,optimisation-on-page,ville fusionnée → commune limitrophe conservée
/villes/optimisation-on-page-cron,/consultant-seo-floirac,301,optimisation-on-page,slug cassé — ville fusionnée → commune limitrophe conservée
/villes/optimisation-on-page-czac,/consultant-seo-libourne,301,optimisation-on-page,slug cassé — ville fusionnée → commune limitrophe conservée
/villes/optimisation-on-page-eysines,/consultant-seo-eysines,301,optimisation-on-page,ville conservée
/villes/optimisation-on-page-fargues-saint-hilaire,/consultant-seo-floirac,301,optimisation-on-page,ville fusionnée → commune limitrophe conservée
/villes/optimisation-on-page-floirac,/consultant-seo-floirac,301,optimisation-on-page,ville conservée
/villes/optimisation-on-page-galgon,/consultant-seo-libourne,301,optimisation-on-page,ville fusionnée → commune limitrophe conservée
/villes/optimisation-on-page-gradignan,/consultant-seo-gradignan,301,optimisation-on-page,ville conservée
/villes/optimisation-on-page-gujan-mestras,/consultant-seo-la-teste-de-buch,301,optimisation-on-page,ville fusionnée → commune limitrophe conservée
/villes/optimisation-on-page-hourtin,/consultant-seo-lacanau,301,optimisation-on-page,ville fusionnée → commune limitrophe conservée
/villes/optimisation-on-page-izon,/consultant-seo-libourne,301,optimisation-on-page,ville fusionnée → commune limitrophe conservée
/villes/optimisation-on-page-la-brde,/consultant-seo-cestas,301,optimisation-on-page,slug cassé — ville fusionnée → commune limitrophe conservée
/villes/optimisation-on-page-la-brede,/consultant-seo-cestas,301,optimisation-on-page,ville fusionnée → commune limitrophe conservée
/villes/optimisation-on-page-la-reole,/consultant-seo-langon,301,optimisation-on-page,ville fusionnée → commune limitrophe conservée
/villes/optimisation-on-page-la-role,/consultant-seo-langon,301,optimisation-on-page,slug cassé — ville fusionnée → commune limitrophe conservée
/villes/optimisation-on-page-la-teste-de-buch,/consultant-seo-la-teste-de-buch,301,optimisation-on-page,ville conservée
/villes/optimisation-on-page-lacanau,/consultant-seo-lacanau,301,optimisation-on-page,ville conservée
/villes/optimisation-on-page-langon,/consultant-seo-langon,301,optimisation-on-page,ville conservée
/villes/optimisation-on-page-lanton,/consultant-seo-ares,301,optimisation-on-page,ville fusionnée → commune limitrophe conservée
/villes/optimisation-on-page-latresne,/consultant-seo-floirac,301,optimisation-on-page,ville fusionnée → commune limitrophe conservée
/villes/optimisation-on-page-le-barp,/consultant-seo-cestas,301,optimisation-on-page,ville fusionnée → commune limitrophe conservée
/villes/optimisation-on-page-le-bouscat,/consultant-seo-le-bouscat,301,optimisation-on-page,ville conservée
/villes/optimisation-on-page-le-haillan,/consultant-seo-eysines,301,optimisation-on-page,ville fusionnée → commune limitrophe conservée
/villes/optimisation-on-page-le-pian-mdoc,/consultant-seo-le-taillan-medoc,301,optimisation-on-page,slug cassé — ville fusionnée → commune limitrophe conservée
/villes/optimisation-on-page-le-pian-medoc,/consultant-seo-le-taillan-medoc,301,optimisation-on-page,ville fusionnée → commune limitrophe conservée
/villes/optimisation-on-page-le-taillan-mdoc,/consultant-seo-le-taillan-medoc,301,optimisation-on-page,slug cassé — ville conservée
/villes/optimisation-on-page-le-taillan-medoc,/consultant-seo-le-taillan-medoc,301,optimisation-on-page,ville conservée
/villes/optimisation-on-page-le-teich,/consultant-seo-la-teste-de-buch,301,optimisation-on-page,ville fusionnée → commune limitrophe conservée
/villes/optimisation-on-page-lege-cap-ferret,/consultant-seo-lege-cap-ferret,301,optimisation-on-page,ville conservée
/villes/optimisation-on-page-leognan,/consultant-seo-cestas,301,optimisation-on-page,ville fusionnée → commune limitrophe conservée
/villes/optimisation-on-page-lge-cap-ferret,/consultant-seo-lege-cap-ferret,301,optimisation-on-page,slug cassé — ville conservée
/villes/optimisation-on-page-libourne,/consultant-seo-libourne,301,optimisation-on-page,ville conservée
/villes/optimisation-on-page-lognan,/consultant-seo-cestas,301,optimisation-on-page,slug cassé — ville fusionnée → commune limitrophe conservée
/villes/optimisation-on-page-lormont,/consultant-seo-lormont,301,optimisation-on-page,ville conservée
/villes/optimisation-on-page-ludon-mdoc,/consultant-seo-le-taillan-medoc,301,optimisation-on-page,slug cassé — ville fusionnée → commune limitrophe conservée
/villes/optimisation-on-page-ludon-medoc,/consultant-seo-le-taillan-medoc,301,optimisation-on-page,ville fusionnée → commune limitrophe conservée
/villes/optimisation-on-page-macau,/consultant-seo-le-taillan-medoc,301,optimisation-on-page,ville fusionnée → commune limitrophe conservée
/villes/optimisation-on-page-marcheprime,/consultant-seo-la-teste-de-buch,301,optimisation-on-page,ville fusionnée → commune limitrophe conservée
/villes/optimisation-on-page-marsas,/consultant-seo-libourne,301,optimisation-on-page,ville fusionnée → commune limitrophe conservée
/villes/optimisation-on-page-martignas-sur-jalle,/consultant-seo-saint-medard-en-jalles,301,optimisation-on-page,ville fusionnée → commune limitrophe conservée
/villes/optimisation-on-page-merignac,/consultant-seo-merignac,301,optimisation-on-page,ville conservée
/villes/optimisation-on-page-mios,/consultant-seo-la-teste-de-buch,301,optimisation-on-page,ville fusionnée → commune limitrophe conservée
/villes/optimisation-on-page-monsegur,/consultant-seo-langon,301,optimisation-on-page,ville fusionnée → commune limitrophe conservée
/villes/optimisation-on-page-monsgur,/consultant-seo-langon,301,optimisation-on-page,slug cassé — ville fusionnée → commune limitrophe conservée
/villes/optimisation-on-page-montussan,/consultant-seo-libourne,301,optimisation-on-page,ville fusionnée → commune limitrophe conservée
/villes/optimisation-on-page-mrignac,/consultant-seo-merignac,301,optimisation-on-page,slug cassé — ville conservée
/villes/optimisation-on-page-parempuyre,/consultant-seo-bruges,301,optimisation-on-page,ville fusionnée → commune limitrophe conservée
/villes/optimisation-on-page-pauillac,/consultant-seo-soulac-sur-mer,301,optimisation-on-page,ville fusionnée → commune limitrophe conservée
/villes/optimisation-on-page-pessac,/consultant-seo-pessac,301,optimisation-on-page,ville conservée
/villes/optimisation-on-page-pineuilh,/consultant-seo-coutras,301,optimisation-on-page,ville fusionnée → commune limitrophe conservée
/villes/optimisation-on-page-podensac,/consultant-seo-langon,301,optimisation-on-page,ville fusionnée → commune limitrophe conservée
/villes/optimisation-on-page-sadirac,/consultant-seo-floirac,301,optimisation-on-page,ville fusionnée → commune limitrophe conservée
/villes/optimisation-on-page-saint-andr-de-cubzac,/consultant-seo-libourne,301,optimisation-on-page,slug cassé — ville fusionnée → commune limitrophe conservée
/villes/optimisation-on-page-saint-andre-de-cubzac,/consultant-seo-libourne,301,optimisation-on-page,ville fusionnée → commune limitrophe conservée
/villes/optimisation-on-page-saint-aubin-de-mdoc,/consultant-seo-saint-aubin-de-medoc,301,optimisation-on-page,slug cassé — ville conservée
/villes/optimisation-on-page-saint-aubin-de-medoc,/consultant-seo-saint-aubin-de-medoc,301,optimisation-on-page,ville conservée
/villes/optimisation-on-page-saint-caprais-de-bordeaux,/consultant-seo-floirac,301,optimisation-on-page,ville fusionnée → commune limitrophe conservée
/villes/optimisation-on-page-saint-ciers-sur-gironde,/consultant-seo-libourne,301,optimisation-on-page,ville fusionnée → commune limitrophe conservée
/villes/optimisation-on-page-saint-denis-de-pile,/consultant-seo-coutras,301,optimisation-on-page,ville fusionnée → commune limitrophe conservée
/villes/optimisation-on-page-saint-emilion,/consultant-seo-libourne,301,optimisation-on-page,ville fusionnée → commune limitrophe conservée
/villes/optimisation-on-page-saint-jean-dillac,/consultant-seo-saint-medard-en-jalles,301,optimisation-on-page,ville fusionnée → commune limitrophe conservée
/villes/optimisation-on-page-saint-laurent-mdoc,/consultant-seo-soulac-sur-mer,301,optimisation-on-page,slug cassé — ville fusionnée → commune limitrophe conservée
/villes/optimisation-on-page-saint-laurent-medoc,/consultant-seo-soulac-sur-mer,301,optimisation-on-page,ville fusionnée → commune limitrophe conservée
/villes/optimisation-on-page-saint-loubes,/consultant-seo-libourne,301,optimisation-on-page,ville fusionnée → commune limitrophe conservée
/villes/optimisation-on-page-saint-loubs,/consultant-seo-libourne,301,optimisation-on-page,slug cassé — ville fusionnée → commune limitrophe conservée
/villes/optimisation-on-page-saint-magne-de-castillon,/consultant-seo-libourne,301,optimisation-on-page,ville fusionnée → commune limitrophe conservée
/villes/optimisation-on-page-saint-mdard-en-jalles,/consultant-seo-saint-medard-en-jalles,301,optimisation-on-page,slug cassé — ville conservée
/villes/optimisation-on-page-saint-medard-en-jalles,/consultant-seo-saint-medard-en-jalles,301,optimisation-on-page,ville conservée
/villes/optimisation-on-page-saint-savin,/consultant-seo-libourne,301,optimisation-on-page,ville fusionnée → commune limitrophe conservée
/villes/optimisation-on-page-saint-seurin-sur-lisle,/consultant-seo-coutras,301,optimisation-on-page,ville fusionnée → commune limitrophe conservée
/villes/optimisation-on-page-saint-sulpice-et-cameyrac,/consultant-seo-libourne,301,optimisation-on-page,ville fusionnée → commune limitrophe conservée
/villes/optimisation-on-page-sainte-eulalie,/consultant-seo-libourne,301,optimisation-on-page,ville fusionnée → commune limitrophe conservée
/villes/optimisation-on-page-sainte-foy-la-grande,/consultant-seo-coutras,301,optimisation-on-page,ville fusionnée → commune limitrophe conservée
/villes/optimisation-on-page-sainte-helene,/consultant-seo-saint-aubin-de-medoc,301,optimisation-on-page,ville fusionnée → commune limitrophe conservée
/villes/optimisation-on-page-sainte-hlne,/consultant-seo-saint-aubin-de-medoc,301,optimisation-on-page,slug cassé — ville fusionnée → commune limitrophe conservée
/villes/optimisation-on-page-salles,/consultant-seo-cestas,301,optimisation-on-page,ville fusionnée → commune limitrophe conservée
/villes/optimisation-on-page-sauveterre-de-guyenne,/consultant-seo-langon,301,optimisation-on-page,ville fusionnée → commune limitrophe conservée
/villes/optimisation-on-page-soulac-sur-mer,/consultant-seo-soulac-sur-mer,301,optimisation-on-page,ville conservée
/villes/optimisation-on-page-talence,/consultant-seo-talence,301,optimisation-on-page,ville conservée
/villes/optimisation-on-page-targon,/consultant-seo-langon,301,optimisation-on-page,ville fusionnée → commune limitrophe conservée
/villes/optimisation-on-page-tresses,/consultant-seo-floirac,301,optimisation-on-page,ville fusionnée → commune limitrophe conservée
/villes/optimisation-on-page-vayres,/consultant-seo-libourne,301,optimisation-on-page,ville fusionnée → commune limitrophe conservée
/villes/optimisation-on-page-vendays-montalivet,/consultant-seo-soulac-sur-mer,301,optimisation-on-page,ville fusionnée → commune limitrophe conservée
/villes/optimisation-on-page-villenave-d-ornon,/consultant-seo-villenave-dornon,301,optimisation-on-page,slug cassé — ville conservée
/villes/optimisation-on-page-villenave-dornon,/consultant-seo-villenave-dornon,301,optimisation-on-page,ville conservée
/villes/optimisation-on-page-yvrac,/consultant-seo-floirac,301,optimisation-on-page,ville fusionnée → commune limitrophe conservée
/villes/redaction-seo-ambares-et-lagrave,/consultant-seo-lormont,301,redaction-seo,ville fusionnée → commune limitrophe conservée
/villes/redaction-seo-ambars-et-lagrave,/consultant-seo-lormont,301,redaction-seo,slug cassé — ville fusionnée → commune limitrophe conservée
/villes/redaction-seo-ambes,/consultant-seo-lormont,301,redaction-seo,ville fusionnée → commune limitrophe conservée
/villes/redaction-seo-ambs,/consultant-seo-lormont,301,redaction-seo,slug cassé — ville fusionnée → commune limitrophe conservée
/villes/redaction-seo-andernos-les-bains,/consultant-seo-ares,301,redaction-seo,ville fusionnée → commune limitrophe conservée
/villes/redaction-seo-arcachon,/consultant-seo-arcachon,301,redaction-seo,ville conservée
/villes/redaction-seo-ares,/consultant-seo-ares,301,redaction-seo,ville conservée
/villes/redaction-seo-ars,/consultant-seo-ares,301,redaction-seo,slug cassé — ville conservée
/villes/redaction-seo-arsac,/consultant-seo-le-taillan-medoc,301,redaction-seo,ville fusionnée → commune limitrophe conservée
/villes/redaction-seo-artigues-pres-bordeaux,/consultant-seo-floirac,301,redaction-seo,ville fusionnée → commune limitrophe conservée
/villes/redaction-seo-artigues-prs-bordeaux,/consultant-seo-floirac,301,redaction-seo,slug cassé — ville fusionnée → commune limitrophe conservée
/villes/redaction-seo-audenge,/consultant-seo-ares,301,redaction-seo,ville fusionnée → commune limitrophe conservée
/villes/redaction-seo-avensan,/consultant-seo-le-taillan-medoc,301,redaction-seo,ville fusionnée → commune limitrophe conservée
/villes/redaction-seo-bassens,/consultant-seo-lormont,301,redaction-seo,ville fusionnée → commune limitrophe conservée
/villes/redaction-seo-bazas,/consultant-seo-bazas,301,redaction-seo,ville conservée
/villes/redaction-seo-begles,/consultant-seo-begles,301,redaction-seo,ville conservée
/villes/redaction-seo-belin-beliet,/consultant-seo-cestas,301,redaction-seo,ville fusionnée → commune limitrophe conservée
/villes/redaction-seo-belin-bliet,/consultant-seo-cestas,301,redaction-seo,slug cassé — ville fusionnée → commune limitrophe conservée
/villes/redaction-seo-bgles,/consultant-seo-begles,301,redaction-seo,slug cassé — ville conservée
/villes/redaction-seo-biganos,/consultant-seo-la-teste-de-buch,301,redaction-seo,ville fusionnée → commune limitrophe conservée
/villes/redaction-seo-blanquefort,/consultant-seo-bruges,301,redaction-seo,ville fusionnée → commune limitrophe conservée
/villes/redaction-seo-blaye,/consultant-seo-libourne,301,redaction-seo,ville fusionnée → commune limitrophe conservée
/villes/redaction-seo-bouliac,/consultant-seo-floirac,301,redaction-seo,ville fusionnée → commune limitrophe conservée
/villes/redaction-seo-bourg,/consultant-seo-libourne,301,redaction-seo,ville fusionnée → commune limitrophe conservée
/villes/redaction-seo-bruges,/consultant-seo-bruges,301,redaction-seo,ville conservée
/villes/redaction-seo-cadaujac,/consultant-seo-villenave-dornon,301,redaction-seo,ville fusionnée → commune limitrophe conservée
/villes/redaction-seo-cadillac,/consultant-seo-langon,301,redaction-seo,ville fusionnée → commune limitrophe conservée
/villes/redaction-seo-canejan,/consultant-seo-cestas,301,redaction-seo,ville fusionnée → commune limitrophe conservée
/villes/redaction-seo-canjan,/consultant-seo-cestas,301,redaction-seo,slug cassé — ville fusionnée → commune limitrophe conservée
/villes/redaction-seo-carbon-blanc,/consultant-seo-lormont,301,redaction-seo,ville fusionnée → commune limitrophe conservée
/villes/redaction-seo-carignan-de-bordeaux,/consultant-seo-floirac,301,redaction-seo,ville fusionnée → commune limitrophe conservée
/villes/redaction-seo-castelnau-de-mdoc,/consultant-seo-le-taillan-medoc,301,redaction-seo,slug cassé — ville fusionnée → commune limitrophe conservée
/villes/redaction-seo-castelnau-de-medoc,/consultant-seo-le-taillan-medoc,301,redaction-seo,ville fusionnée → commune limitrophe conservée
/villes/redaction-seo-castillon-la-bataille,/consultant-seo-libourne,301,redaction-seo,ville fusionnée → commune limitrophe conservée
/villes/redaction-seo-castres-gironde,/consultant-seo-villenave-dornon,301,redaction-seo,ville fusionnée → commune limitrophe conservée
/villes/redaction-seo-cenon,/consultant-seo-lormont,301,redaction-seo,ville fusionnée → commune limitrophe conservée
/villes/redaction-seo-cestas,/consultant-seo-cestas,301,redaction-seo,ville conservée
/villes/redaction-seo-cezac,/consultant-seo-libourne,301,redaction-seo,ville fusionnée → commune limitrophe conservée
/villes/redaction-seo-coutras,/consultant-seo-coutras,301,redaction-seo,ville conservée
/villes/redaction-seo-creon,/consultant-seo-floirac,301,redaction-seo,ville fusionnée → commune limitrophe conservée
/villes/redaction-seo-cron,/consultant-seo-floirac,301,redaction-seo,slug cassé — ville fusionnée → commune limitrophe conservée
/villes/redaction-seo-czac,/consultant-seo-libourne,301,redaction-seo,slug cassé — ville fusionnée → commune limitrophe conservée
/villes/redaction-seo-eysines,/consultant-seo-eysines,301,redaction-seo,ville conservée
/villes/redaction-seo-fargues-saint-hilaire,/consultant-seo-floirac,301,redaction-seo,ville fusionnée → commune limitrophe conservée
/villes/redaction-seo-floirac,/consultant-seo-floirac,301,redaction-seo,ville conservée
/villes/redaction-seo-galgon,/consultant-seo-libourne,301,redaction-seo,ville fusionnée → commune limitrophe conservée
/villes/redaction-seo-gradignan,/consultant-seo-gradignan,301,redaction-seo,ville conservée
/villes/redaction-seo-gujan-mestras,/consultant-seo-la-teste-de-buch,301,redaction-seo,ville fusionnée → commune limitrophe conservée
/villes/redaction-seo-hourtin,/consultant-seo-lacanau,301,redaction-seo,ville fusionnée → commune limitrophe conservée
/villes/redaction-seo-izon,/consultant-seo-libourne,301,redaction-seo,ville fusionnée → commune limitrophe conservée
/villes/redaction-seo-la-brde,/consultant-seo-cestas,301,redaction-seo,slug cassé — ville fusionnée → commune limitrophe conservée
/villes/redaction-seo-la-brede,/consultant-seo-cestas,301,redaction-seo,ville fusionnée → commune limitrophe conservée
/villes/redaction-seo-la-reole,/consultant-seo-langon,301,redaction-seo,ville fusionnée → commune limitrophe conservée
/villes/redaction-seo-la-role,/consultant-seo-langon,301,redaction-seo,slug cassé — ville fusionnée → commune limitrophe conservée
/villes/redaction-seo-la-teste-de-buch,/consultant-seo-la-teste-de-buch,301,redaction-seo,ville conservée
/villes/redaction-seo-lacanau,/consultant-seo-lacanau,301,redaction-seo,ville conservée
/villes/redaction-seo-langon,/consultant-seo-langon,301,redaction-seo,ville conservée
/villes/redaction-seo-lanton,/consultant-seo-ares,301,redaction-seo,ville fusionnée → commune limitrophe conservée
/villes/redaction-seo-latresne,/consultant-seo-floirac,301,redaction-seo,ville fusionnée → commune limitrophe conservée
/villes/redaction-seo-le-barp,/consultant-seo-cestas,301,redaction-seo,ville fusionnée → commune limitrophe conservée
/villes/redaction-seo-le-bouscat,/consultant-seo-le-bouscat,301,redaction-seo,ville conservée
/villes/redaction-seo-le-haillan,/consultant-seo-eysines,301,redaction-seo,ville fusionnée → commune limitrophe conservée
/villes/redaction-seo-le-pian-mdoc,/consultant-seo-le-taillan-medoc,301,redaction-seo,slug cassé — ville fusionnée → commune limitrophe conservée
/villes/redaction-seo-le-pian-medoc,/consultant-seo-le-taillan-medoc,301,redaction-seo,ville fusionnée → commune limitrophe conservée
/villes/redaction-seo-le-taillan-mdoc,/consultant-seo-le-taillan-medoc,301,redaction-seo,slug cassé — ville conservée
/villes/redaction-seo-le-taillan-medoc,/consultant-seo-le-taillan-medoc,301,redaction-seo,ville conservée
/villes/redaction-seo-le-teich,/consultant-seo-la-teste-de-buch,301,redaction-seo,ville fusionnée → commune limitrophe conservée
/villes/redaction-seo-lege-cap-ferret,/consultant-seo-lege-cap-ferret,301,redaction-seo,ville conservée
/villes/redaction-seo-leognan,/consultant-seo-cestas,301,redaction-seo,ville fusionnée → commune limitrophe conservée
/villes/redaction-seo-lge-cap-ferret,/consultant-seo-lege-cap-ferret,301,redaction-seo,slug cassé — ville conservée
/villes/redaction-seo-libourne,/consultant-seo-libourne,301,redaction-seo,ville conservée
/villes/redaction-seo-lognan,/consultant-seo-cestas,301,redaction-seo,slug cassé — ville fusionnée → commune limitrophe conservée
/villes/redaction-seo-lormont,/consultant-seo-lormont,301,redaction-seo,ville conservée
/villes/redaction-seo-ludon-mdoc,/consultant-seo-le-taillan-medoc,301,redaction-seo,slug cassé — ville fusionnée → commune limitrophe conservée
/villes/redaction-seo-ludon-medoc,/consultant-seo-le-taillan-medoc,301,redaction-seo,ville fusionnée → commune limitrophe conservée
/villes/redaction-seo-macau,/consultant-seo-le-taillan-medoc,301,redaction-seo,ville fusionnée → commune limitrophe conservée
/villes/redaction-seo-marcheprime,/consultant-seo-la-teste-de-buch,301,redaction-seo,ville fusionnée → commune limitrophe conservée
/villes/redaction-seo-marsas,/consultant-seo-libourne,301,redaction-seo,ville fusionnée → commune limitrophe conservée
/villes/redaction-seo-martignas-sur-jalle,/consultant-seo-saint-medard-en-jalles,301,redaction-seo,ville fusionnée → commune limitrophe conservée
/villes/redaction-seo-merignac,/consultant-seo-merignac,301,redaction-seo,ville conservée
/villes/redaction-seo-mios,/consultant-seo-la-teste-de-buch,301,redaction-seo,ville fusionnée → commune limitrophe conservée
/villes/redaction-seo-monsegur,/consultant-seo-langon,301,redaction-seo,ville fusionnée → commune limitrophe conservée
/villes/redaction-seo-monsgur,/consultant-seo-langon,301,redaction-seo,slug cassé — ville fusionnée → commune limitrophe conservée
/villes/redaction-seo-montussan,/consultant-seo-libourne,301,redaction-seo,ville fusionnée → commune limitrophe conservée
/villes/redaction-seo-mrignac,/consultant-seo-merignac,301,redaction-seo,slug cassé — ville conservée
/villes/redaction-seo-parempuyre,/consultant-seo-bruges,301,redaction-seo,ville fusionnée → commune limitrophe conservée
/villes/redaction-seo-pauillac,/consultant-seo-soulac-sur-mer,301,redaction-seo,ville fusionnée → commune limitrophe conservée
/villes/redaction-seo-pessac,/consultant-seo-pessac,301,redaction-seo,ville conservée
/villes/redaction-seo-pineuilh,/consultant-seo-coutras,301,redaction-seo,ville fusionnée → commune limitrophe conservée
/villes/redaction-seo-podensac,/consultant-seo-langon,301,redaction-seo,ville fusionnée → commune limitrophe conservée
/villes/redaction-seo-sadirac,/consultant-seo-floirac,301,redaction-seo,ville fusionnée → commune limitrophe conservée
/villes/redaction-seo-saint-andr-de-cubzac,/consultant-seo-libourne,301,redaction-seo,slug cassé — ville fusionnée → commune limitrophe conservée
/villes/redaction-seo-saint-andre-de-cubzac,/consultant-seo-libourne,301,redaction-seo,ville fusionnée → commune limitrophe conservée
/villes/redaction-seo-saint-aubin-de-mdoc,/consultant-seo-saint-aubin-de-medoc,301,redaction-seo,slug cassé — ville conservée
/villes/redaction-seo-saint-aubin-de-medoc,/consultant-seo-saint-aubin-de-medoc,301,redaction-seo,ville conservée
/villes/redaction-seo-saint-caprais-de-bordeaux,/consultant-seo-floirac,301,redaction-seo,ville fusionnée → commune limitrophe conservée
/villes/redaction-seo-saint-ciers-sur-gironde,/consultant-seo-libourne,301,redaction-seo,ville fusionnée → commune limitrophe conservée
/villes/redaction-seo-saint-denis-de-pile,/consultant-seo-coutras,301,redaction-seo,ville fusionnée → commune limitrophe conservée
/villes/redaction-seo-saint-emilion,/consultant-seo-libourne,301,redaction-seo,ville fusionnée → commune limitrophe conservée
/villes/redaction-seo-saint-jean-dillac,/consultant-seo-saint-medard-en-jalles,301,redaction-seo,ville fusionnée → commune limitrophe conservée
/villes/redaction-seo-saint-laurent-mdoc,/consultant-seo-soulac-sur-mer,301,redaction-seo,slug cassé — ville fusionnée → commune limitrophe conservée
/villes/redaction-seo-saint-laurent-medoc,/consultant-seo-soulac-sur-mer,301,redaction-seo,ville fusionnée → commune limitrophe conservée
/villes/redaction-seo-saint-loubes,/consultant-seo-libourne,301,redaction-seo,ville fusionnée → commune limitrophe conservée
/villes/redaction-seo-saint-loubs,/consultant-seo-libourne,301,redaction-seo,slug cassé — ville fusionnée → commune limitrophe conservée
/villes/redaction-seo-saint-magne-de-castillon,/consultant-seo-libourne,301,redaction-seo,ville fusionnée → commune limitrophe conservée
/villes/redaction-seo-saint-mdard-en-jalles,/consultant-seo-saint-medard-en-jalles,301,redaction-seo,slug cassé — ville conservée
/villes/redaction-seo-saint-medard-en-jalles,/consultant-seo-saint-medard-en-jalles,301,redaction-seo,ville conservée
/villes/redaction-seo-saint-savin,/consultant-seo-libourne,301,redaction-seo,ville fusionnée → commune limitrophe conservée
/villes/redaction-seo-saint-seurin-sur-lisle,/consultant-seo-coutras,301,redaction-seo,ville fusionnée → commune limitrophe conservée
/villes/redaction-seo-saint-sulpice-et-cameyrac,/consultant-seo-libourne,301,redaction-seo,ville fusionnée → commune limitrophe conservée
/villes/redaction-seo-sainte-eulalie,/consultant-seo-libourne,301,redaction-seo,ville fusionnée → commune limitrophe conservée
/villes/redaction-seo-sainte-foy-la-grande,/consultant-seo-coutras,301,redaction-seo,ville fusionnée → commune limitrophe conservée
/villes/redaction-seo-sainte-helene,/consultant-seo-saint-aubin-de-medoc,301,redaction-seo,ville fusionnée → commune limitrophe conservée
/villes/redaction-seo-sainte-hlne,/consultant-seo-saint-aubin-de-medoc,301,redaction-seo,slug cassé — ville fusionnée → commune limitrophe conservée
/villes/redaction-seo-salles,/consultant-seo-cestas,301,redaction-seo,ville fusionnée → commune limitrophe conservée
/villes/redaction-seo-sauveterre-de-guyenne,/consultant-seo-langon,301,redaction-seo,ville fusionnée → commune limitrophe conservée
/villes/redaction-seo-soulac-sur-mer,/consultant-seo-soulac-sur-mer,301,redaction-seo,ville conservée
/villes/redaction-seo-talence,/consultant-seo-talence,301,redaction-seo,ville conservée
/villes/redaction-seo-targon,/consultant-seo-langon,301,redaction-seo,ville fusionnée → commune limitrophe conservée
/villes/redaction-seo-tresses,/consultant-seo-floirac,301,redaction-seo,ville fusionnée → commune limitrophe conservée
/villes/redaction-seo-vayres,/consultant-seo-libourne,301,redaction-seo,ville fusionnée → commune limitrophe conservée
/villes/redaction-seo-vendays-montalivet,/consultant-seo-soulac-sur-mer,301,redaction-seo,ville fusionnée → commune limitrophe conservée
/villes/redaction-seo-villenave-d-ornon,/consultant-seo-villenave-dornon,301,redaction-seo,slug cassé — ville conservée
/villes/redaction-seo-villenave-dornon,/consultant-seo-villenave-dornon,301,redaction-seo,ville conservée
/villes/redaction-seo-yvrac,/consultant-seo-floirac,301,redaction-seo,ville fusionnée → commune limitrophe conservée
/villes/seo-local-ambares-et-lagrave,/consultant-seo-lormont,301,seo-local,ville fusionnée → commune limitrophe conservée
/villes/seo-local-ambars-et-lagrave,/consultant-seo-lormont,301,seo-local,slug cassé — ville fusionnée → commune limitrophe conservée
/villes/seo-local-ambes,/consultant-seo-lormont,301,seo-local,ville fusionnée → commune limitrophe conservée
/villes/seo-local-ambs,/consultant-seo-lormont,301,seo-local,slug cassé — ville fusionnée → commune limitrophe conservée
/villes/seo-local-andernos-les-bains,/consultant-seo-ares,301,seo-local,ville fusionnée → commune limitrophe conservée
/villes/seo-local-arcachon,/consultant-seo-arcachon,301,seo-local,ville conservée
/villes/seo-local-ares,/consultant-seo-ares,301,seo-local,ville conservée
/villes/seo-local-ars,/consultant-seo-ares,301,seo-local,slug cassé — ville conservée
/villes/seo-local-arsac,/consultant-seo-le-taillan-medoc,301,seo-local,ville fusionnée → commune limitrophe conservée
/villes/seo-local-artigues-pres-bordeaux,/consultant-seo-floirac,301,seo-local,ville fusionnée → commune limitrophe conservée
/villes/seo-local-artigues-prs-bordeaux,/consultant-seo-floirac,301,seo-local,slug cassé — ville fusionnée → commune limitrophe conservée
/villes/seo-local-audenge,/consultant-seo-ares,301,seo-local,ville fusionnée → commune limitrophe conservée
/villes/seo-local-avensan,/consultant-seo-le-taillan-medoc,301,seo-local,ville fusionnée → commune limitrophe conservée
/villes/seo-local-bassens,/consultant-seo-lormont,301,seo-local,ville fusionnée → commune limitrophe conservée
/villes/seo-local-bazas,/consultant-seo-bazas,301,seo-local,ville conservée
/villes/seo-local-begles,/consultant-seo-begles,301,seo-local,ville conservée
/villes/seo-local-belin-beliet,/consultant-seo-cestas,301,seo-local,ville fusionnée → commune limitrophe conservée
/villes/seo-local-belin-bliet,/consultant-seo-cestas,301,seo-local,slug cassé — ville fusionnée → commune limitrophe conservée
/villes/seo-local-bgles,/consultant-seo-begles,301,seo-local,slug cassé — ville conservée
/villes/seo-local-biganos,/consultant-seo-la-teste-de-buch,301,seo-local,ville fusionnée → commune limitrophe conservée
/villes/seo-local-blanquefort,/consultant-seo-bruges,301,seo-local,ville fusionnée → commune limitrophe conservée
/villes/seo-local-blaye,/consultant-seo-libourne,301,seo-local,ville fusionnée → commune limitrophe conservée
/villes/seo-local-bouliac,/consultant-seo-floirac,301,seo-local,ville fusionnée → commune limitrophe conservée
/villes/seo-local-bourg,/consultant-seo-libourne,301,seo-local,ville fusionnée → commune limitrophe conservée
/villes/seo-local-bruges,/consultant-seo-bruges,301,seo-local,ville conservée
/villes/seo-local-cadaujac,/consultant-seo-villenave-dornon,301,seo-local,ville fusionnée → commune limitrophe conservée
/villes/seo-local-cadillac,/consultant-seo-langon,301,seo-local,ville fusionnée → commune limitrophe conservée
/villes/seo-local-canejan,/consultant-seo-cestas,301,seo-local,ville fusionnée → commune limitrophe conservée
/villes/seo-local-canjan,/consultant-seo-cestas,301,seo-local,slug cassé — ville fusionnée → commune limitrophe conservée
/villes/seo-local-carbon-blanc,/consultant-seo-lormont,301,seo-local,ville fusionnée → commune limitrophe conservée
/villes/seo-local-carignan-de-bordeaux,/consultant-seo-floirac,301,seo-local,ville fusionnée → commune limitrophe conservée
/villes/seo-local-castelnau-de-mdoc,/consultant-seo-le-taillan-medoc,301,seo-local,slug cassé — ville fusionnée → commune limitrophe conservée
/villes/seo-local-castelnau-de-medoc,/consultant-seo-le-taillan-medoc,301,seo-local,ville fusionnée → commune limitrophe conservée
/villes/seo-local-castillon-la-bataille,/consultant-seo-libourne,301,seo-local,ville fusionnée → commune limitrophe conservée
/villes/seo-local-castres-gironde,/consultant-seo-villenave-dornon,301,seo-local,ville fusionnée → commune limitrophe conservée
/villes/seo-local-cenon,/consultant-seo-lormont,301,seo-local,ville fusionnée → commune limitrophe conservée
/villes/seo-local-cestas,/consultant-seo-cestas,301,seo-local,ville conservée
/villes/seo-local-cezac,/consultant-seo-libourne,301,seo-local,ville fusionnée → commune limitrophe conservée
/villes/seo-local-coutras,/consultant-seo-coutras,301,seo-local,ville conservée
/villes/seo-local-creon,/consultant-seo-floirac,301,seo-local,ville fusionnée → commune limitrophe conservée
/villes/seo-local-cron,/consultant-seo-floirac,301,seo-local,slug cassé — ville fusionnée → commune limitrophe conservée
/villes/seo-local-czac,/consultant-seo-libourne,301,seo-local,slug cassé — ville fusionnée → commune limitrophe conservée
/villes/seo-local-eysines,/consultant-seo-eysines,301,seo-local,ville conservée
/villes/seo-local-fargues-saint-hilaire,/consultant-seo-floirac,301,seo-local,ville fusionnée → commune limitrophe conservée
/villes/seo-local-floirac,/consultant-seo-floirac,301,seo-local,ville conservée
/villes/seo-local-galgon,/consultant-seo-libourne,301,seo-local,ville fusionnée → commune limitrophe conservée
/villes/seo-local-gradignan,/consultant-seo-gradignan,301,seo-local,ville conservée
/villes/seo-local-gujan-mestras,/consultant-seo-la-teste-de-buch,301,seo-local,ville fusionnée → commune limitrophe conservée
/villes/seo-local-hourtin,/consultant-seo-lacanau,301,seo-local,ville fusionnée → commune limitrophe conservée
/villes/seo-local-izon,/consultant-seo-libourne,301,seo-local,ville fusionnée → commune limitrophe conservée
/villes/seo-local-la-brde,/consultant-seo-cestas,301,seo-local,slug cassé — ville fusionnée → commune limitrophe conservée
/villes/seo-local-la-brede,/consultant-seo-cestas,301,seo-local,ville fusionnée → commune limitrophe conservée
/villes/seo-local-la-reole,/consultant-seo-langon,301,seo-local,ville fusionnée → commune limitrophe conservée
/villes/seo-local-la-role,/consultant-seo-langon,301,seo-local,slug cassé — ville fusionnée → commune limitrophe conservée
/villes/seo-local-la-teste-de-buch,/consultant-seo-la-teste-de-buch,301,seo-local,ville conservée
/villes/seo-local-lacanau,/consultant-seo-lacanau,301,seo-local,ville conservée
/villes/seo-local-langon,/consultant-seo-langon,301,seo-local,ville conservée
/villes/seo-local-lanton,/consultant-seo-ares,301,seo-local,ville fusionnée → commune limitrophe conservée
/villes/seo-local-latresne,/consultant-seo-floirac,301,seo-local,ville fusionnée → commune limitrophe conservée
/villes/seo-local-le-barp,/consultant-seo-cestas,301,seo-local,ville fusionnée → commune limitrophe conservée
/villes/seo-local-le-bouscat,/consultant-seo-le-bouscat,301,seo-local,ville conservée
/villes/seo-local-le-haillan,/consultant-seo-eysines,301,seo-local,ville fusionnée → commune limitrophe conservée
/villes/seo-local-le-pian-mdoc,/consultant-seo-le-taillan-medoc,301,seo-local,slug cassé — ville fusionnée → commune limitrophe conservée
/villes/seo-local-le-pian-medoc,/consultant-seo-le-taillan-medoc,301,seo-local,ville fusionnée → commune limitrophe conservée
/villes/seo-local-le-taillan-mdoc,/consultant-seo-le-taillan-medoc,301,seo-local,slug cassé — ville conservée
/villes/seo-local-le-taillan-medoc,/consultant-seo-le-taillan-medoc,301,seo-local,ville conservée
/villes/seo-local-le-teich,/consultant-seo-la-teste-de-buch,301,seo-local,ville fusionnée → commune limitrophe conservée
/villes/seo-local-lege-cap-ferret,/consultant-seo-lege-cap-ferret,301,seo-local,ville conservée
/villes/seo-local-leognan,/consultant-seo-cestas,301,seo-local,ville fusionnée → commune limitrophe conservée
/villes/seo-local-lge-cap-ferret,/consultant-seo-lege-cap-ferret,301,seo-local,slug cassé — ville conservée
/villes/seo-local-libourne,/consultant-seo-libourne,301,seo-local,ville conservée
/villes/seo-local-lognan,/consultant-seo-cestas,301,seo-local,slug cassé — ville fusionnée → commune limitrophe conservée
/villes/seo-local-lormont,/consultant-seo-lormont,301,seo-local,ville conservée
/villes/seo-local-ludon-mdoc,/consultant-seo-le-taillan-medoc,301,seo-local,slug cassé — ville fusionnée → commune limitrophe conservée
/villes/seo-local-ludon-medoc,/consultant-seo-le-taillan-medoc,301,seo-local,ville fusionnée → commune limitrophe conservée
/villes/seo-local-macau,/consultant-seo-le-taillan-medoc,301,seo-local,ville fusionnée → commune limitrophe conservée
/villes/seo-local-marcheprime,/consultant-seo-la-teste-de-buch,301,seo-local,ville fusionnée → commune limitrophe conservée
/villes/seo-local-marsas,/consultant-seo-libourne,301,seo-local,ville fusionnée → commune limitrophe conservée
/villes/seo-local-martignas-sur-jalle,/consultant-seo-saint-medard-en-jalles,301,seo-local,ville fusionnée → commune limitrophe conservée
/villes/seo-local-merignac,/consultant-seo-merignac,301,seo-local,ville conservée
/villes/seo-local-mios,/consultant-seo-la-teste-de-buch,301,seo-local,ville fusionnée → commune limitrophe conservée
/villes/seo-local-monsegur,/consultant-seo-langon,301,seo-local,ville fusionnée → commune limitrophe conservée
/villes/seo-local-monsgur,/consultant-seo-langon,301,seo-local,slug cassé — ville fusionnée → commune limitrophe conservée
/villes/seo-local-montussan,/consultant-seo-libourne,301,seo-local,ville fusionnée → commune limitrophe conservée
/villes/seo-local-mrignac,/consultant-seo-merignac,301,seo-local,slug cassé — ville conservée
/villes/seo-local-parempuyre,/consultant-seo-bruges,301,seo-local,ville fusionnée → commune limitrophe conservée
/villes/seo-local-pauillac,/consultant-seo-soulac-sur-mer,301,seo-local,ville fusionnée → commune limitrophe conservée
/villes/seo-local-pessac,/consultant-seo-pessac,301,seo-local,ville conservée
/villes/seo-local-pineuilh,/consultant-seo-coutras,301,seo-local,ville fusionnée → commune limitrophe conservée
/villes/seo-local-podensac,/consultant-seo-langon,301,seo-local,ville fusionnée → commune limitrophe conservée
/villes/seo-local-sadirac,/consultant-seo-floirac,301,seo-local,ville fusionnée → commune limitrophe conservée
/villes/seo-local-saint-andr-de-cubzac,/consultant-seo-libourne,301,seo-local,slug cassé — ville fusionnée → commune limitrophe conservée
/villes/seo-local-saint-andre-de-cubzac,/consultant-seo-libourne,301,seo-local,ville fusionnée → commune limitrophe conservée
/villes/seo-local-saint-aubin-de-mdoc,/consultant-seo-saint-aubin-de-medoc,301,seo-local,slug cassé — ville conservée
/villes/seo-local-saint-aubin-de-medoc,/consultant-seo-saint-aubin-de-medoc,301,seo-local,ville conservée
/villes/seo-local-saint-caprais-de-bordeaux,/consultant-seo-floirac,301,seo-local,ville fusionnée → commune limitrophe conservée
/villes/seo-local-saint-ciers-sur-gironde,/consultant-seo-libourne,301,seo-local,ville fusionnée → commune limitrophe conservée
/villes/seo-local-saint-denis-de-pile,/consultant-seo-coutras,301,seo-local,ville fusionnée → commune limitrophe conservée
/villes/seo-local-saint-emilion,/consultant-seo-libourne,301,seo-local,ville fusionnée → commune limitrophe conservée
/villes/seo-local-saint-jean-dillac,/consultant-seo-saint-medard-en-jalles,301,seo-local,ville fusionnée → commune limitrophe conservée
/villes/seo-local-saint-laurent-mdoc,/consultant-seo-soulac-sur-mer,301,seo-local,slug cassé — ville fusionnée → commune limitrophe conservée
/villes/seo-local-saint-laurent-medoc,/consultant-seo-soulac-sur-mer,301,seo-local,ville fusionnée → commune limitrophe conservée
/villes/seo-local-saint-loubes,/consultant-seo-libourne,301,seo-local,ville fusionnée → commune limitrophe conservée
/villes/seo-local-saint-loubs,/consultant-seo-libourne,301,seo-local,slug cassé — ville fusionnée → commune limitrophe conservée
/villes/seo-local-saint-magne-de-castillon,/consultant-seo-libourne,301,seo-local,ville fusionnée → commune limitrophe conservée
/villes/seo-local-saint-mdard-en-jalles,/consultant-seo-saint-medard-en-jalles,301,seo-local,slug cassé — ville conservée
/villes/seo-local-saint-medard-en-jalles,/consultant-seo-saint-medard-en-jalles,301,seo-local,ville conservée
/villes/seo-local-saint-savin,/consultant-seo-libourne,301,seo-local,ville fusionnée → commune limitrophe conservée
/villes/seo-local-saint-seurin-sur-lisle,/consultant-seo-coutras,301,seo-local,ville fusionnée → commune limitrophe conservée
/villes/seo-local-saint-sulpice-et-cameyrac,/consultant-seo-libourne,301,seo-local,ville fusionnée → commune limitrophe conservée
/villes/seo-local-sainte-eulalie,/consultant-seo-libourne,301,seo-local,ville fusionnée → commune limitrophe conservée
/villes/seo-local-sainte-foy-la-grande,/consultant-seo-coutras,301,seo-local,ville fusionnée → commune limitrophe conservée
/villes/seo-local-sainte-helene,/consultant-seo-saint-aubin-de-medoc,301,seo-local,ville fusionnée → commune limitrophe conservée
/villes/seo-local-sainte-hlne,/consultant-seo-saint-aubin-de-medoc,301,seo-local,slug cassé — ville fusionnée → commune limitrophe conservée
/villes/seo-local-salles,/consultant-seo-cestas,301,seo-local,ville fusionnée → commune limitrophe conservée
/villes/seo-local-sauveterre-de-guyenne,/consultant-seo-langon,301,seo-local,ville fusionnée → commune limitrophe conservée
/villes/seo-local-soulac-sur-mer,/consultant-seo-soulac-sur-mer,301,seo-local,ville conservée
/villes/seo-local-talence,/consultant-seo-talence,301,seo-local,ville conservée
/villes/seo-local-targon,/consultant-seo-langon,301,seo-local,ville fusionnée → commune limitrophe conservée
/villes/seo-local-tresses,/consultant-seo-floirac,301,seo-local,ville fusionnée → commune limitrophe conservée
/villes/seo-local-vayres,/consultant-seo-libourne,301,seo-local,ville fusionnée → commune limitrophe conservée
/villes/seo-local-vendays-montalivet,/consultant-seo-soulac-sur-mer,301,seo-local,ville fusionnée → commune limitrophe conservée
/villes/seo-local-villenave-d-ornon,/consultant-seo-villenave-dornon,301,seo-local,slug cassé — ville conservée
/villes/seo-local-villenave-dornon,/consultant-seo-villenave-dornon,301,seo-local,ville conservée
/villes/seo-local-yvrac,/consultant-seo-floirac,301,seo-local,ville fusionnée → commune limitrophe conservée
/audit-seo-bordeaux,/consultant-seo-bordeaux,301,racine,page service Bordeaux → page ville pilier
/seo-local-bordeaux,/consultant-seo-bordeaux,301,racine,page service Bordeaux → page ville pilier
/netlinking-bordeaux,/netlinking,301,racine,intention nationale → page service transverse
/optimisation-on-page,/seo-technique,301,racine,fusion on-page + technique
/black-hat-seo,/blog/black-hat-seo-ce-quil-faut-savoir,301,racine,requalifié en article de blog (E-E-A-T)
/templates/audit-seo-ambars-et-lagrave,,410,templates,artefact de build indexable — à supprimer
/templates/audit-seo-ambs,,410,templates,artefact de build indexable — à supprimer
/templates/audit-seo-andernos-les-bains,,410,templates,artefact de build indexable — à supprimer
/templates/audit-seo-arcachon,,410,templates,artefact de build indexable — à supprimer
/templates/audit-seo-ars,,410,templates,artefact de build indexable — à supprimer
/templates/audit-seo-arsac,,410,templates,artefact de build indexable — à supprimer
/templates/audit-seo-artigues-prs-bordeaux,,410,templates,artefact de build indexable — à supprimer
/templates/audit-seo-audenge,,410,templates,artefact de build indexable — à supprimer
/templates/audit-seo-avensan,,410,templates,artefact de build indexable — à supprimer
/templates/audit-seo-bassens,,410,templates,artefact de build indexable — à supprimer
/templates/audit-seo-bazas,,410,templates,artefact de build indexable — à supprimer
/templates/audit-seo-belin-bliet,,410,templates,artefact de build indexable — à supprimer
/templates/audit-seo-bgles,,410,templates,artefact de build indexable — à supprimer
/templates/audit-seo-biganos,,410,templates,artefact de build indexable — à supprimer
/templates/audit-seo-blanquefort,,410,templates,artefact de build indexable — à supprimer
/templates/audit-seo-blaye,,410,templates,artefact de build indexable — à supprimer
/templates/audit-seo-bouliac,,410,templates,artefact de build indexable — à supprimer
/templates/audit-seo-bourg,,410,templates,artefact de build indexable — à supprimer
/templates/audit-seo-bruges,,410,templates,artefact de build indexable — à supprimer
/templates/audit-seo-cadaujac,,410,templates,artefact de build indexable — à supprimer
/templates/audit-seo-cadillac,,410,templates,artefact de build indexable — à supprimer
/templates/audit-seo-canjan,,410,templates,artefact de build indexable — à supprimer
/templates/audit-seo-carbon-blanc,,410,templates,artefact de build indexable — à supprimer
/templates/audit-seo-carignan-de-bordeaux,,410,templates,artefact de build indexable — à supprimer
/templates/audit-seo-castelnau-de-mdoc,,410,templates,artefact de build indexable — à supprimer
/templates/audit-seo-castillon-la-bataille,,410,templates,artefact de build indexable — à supprimer
/templates/audit-seo-castres-gironde,,410,templates,artefact de build indexable — à supprimer
/templates/audit-seo-cenon,,410,templates,artefact de build indexable — à supprimer
/templates/audit-seo-cestas,,410,templates,artefact de build indexable — à supprimer
/templates/audit-seo-coutras,,410,templates,artefact de build indexable — à supprimer
/templates/audit-seo-cron,,410,templates,artefact de build indexable — à supprimer
/templates/audit-seo-czac,,410,templates,artefact de build indexable — à supprimer
/templates/audit-seo-eysines,,410,templates,artefact de build indexable — à supprimer
/templates/audit-seo-fargues-saint-hilaire,,410,templates,artefact de build indexable — à supprimer
/templates/audit-seo-floirac,,410,templates,artefact de build indexable — à supprimer
/templates/audit-seo-galgon,,410,templates,artefact de build indexable — à supprimer
/templates/audit-seo-gradignan,,410,templates,artefact de build indexable — à supprimer
/templates/audit-seo-gujan-mestras,,410,templates,artefact de build indexable — à supprimer
/templates/audit-seo-hourtin,,410,templates,artefact de build indexable — à supprimer
/templates/audit-seo-izon,,410,templates,artefact de build indexable — à supprimer
/templates/audit-seo-la-brde,,410,templates,artefact de build indexable — à supprimer
/templates/audit-seo-la-role,,410,templates,artefact de build indexable — à supprimer
/templates/audit-seo-la-teste-de-buch,,410,templates,artefact de build indexable — à supprimer
/templates/audit-seo-lacanau,,410,templates,artefact de build indexable — à supprimer
/templates/audit-seo-langon,,410,templates,artefact de build indexable — à supprimer
/templates/audit-seo-lanton,,410,templates,artefact de build indexable — à supprimer
/templates/audit-seo-latresne,,410,templates,artefact de build indexable — à supprimer
/templates/audit-seo-le-barp,,410,templates,artefact de build indexable — à supprimer
/templates/audit-seo-le-bouscat,,410,templates,artefact de build indexable — à supprimer
/templates/audit-seo-le-haillan,,410,templates,artefact de build indexable — à supprimer
/templates/audit-seo-le-pian-mdoc,,410,templates,artefact de build indexable — à supprimer
/templates/audit-seo-le-taillan-mdoc,,410,templates,artefact de build indexable — à supprimer
/templates/audit-seo-le-teich,,410,templates,artefact de build indexable — à supprimer
/templates/audit-seo-lge-cap-ferret,,410,templates,artefact de build indexable — à supprimer
/templates/audit-seo-libourne,,410,templates,artefact de build indexable — à supprimer
/templates/audit-seo-lognan,,410,templates,artefact de build indexable — à supprimer
/templates/audit-seo-lormont,,410,templates,artefact de build indexable — à supprimer
/templates/audit-seo-ludon-mdoc,,410,templates,artefact de build indexable — à supprimer
/templates/audit-seo-macau,,410,templates,artefact de build indexable — à supprimer
/templates/audit-seo-marcheprime,,410,templates,artefact de build indexable — à supprimer
/templates/audit-seo-marsas,,410,templates,artefact de build indexable — à supprimer
/templates/audit-seo-martignas-sur-jalle,,410,templates,artefact de build indexable — à supprimer
/templates/audit-seo-mios,,410,templates,artefact de build indexable — à supprimer
/templates/audit-seo-monsgur,,410,templates,artefact de build indexable — à supprimer
/templates/audit-seo-montussan,,410,templates,artefact de build indexable — à supprimer
/templates/audit-seo-mrignac,,410,templates,artefact de build indexable — à supprimer
/templates/audit-seo-parempuyre,,410,templates,artefact de build indexable — à supprimer
/templates/audit-seo-pauillac,,410,templates,artefact de build indexable — à supprimer
/templates/audit-seo-pessac,,410,templates,artefact de build indexable — à supprimer
/templates/audit-seo-pineuilh,,410,templates,artefact de build indexable — à supprimer
/templates/audit-seo-podensac,,410,templates,artefact de build indexable — à supprimer
/templates/audit-seo-sadirac,,410,templates,artefact de build indexable — à supprimer
/templates/audit-seo-saint-andr-de-cubzac,,410,templates,artefact de build indexable — à supprimer
/templates/audit-seo-saint-aubin-de-mdoc,,410,templates,artefact de build indexable — à supprimer
/templates/audit-seo-saint-caprais-de-bordeaux,,410,templates,artefact de build indexable — à supprimer
/templates/audit-seo-saint-ciers-sur-gironde,,410,templates,artefact de build indexable — à supprimer
/templates/audit-seo-saint-denis-de-pile,,410,templates,artefact de build indexable — à supprimer
/templates/audit-seo-saint-emilion,,410,templates,artefact de build indexable — à supprimer
/templates/audit-seo-saint-jean-dillac,,410,templates,artefact de build indexable — à supprimer
/templates/audit-seo-saint-laurent-mdoc,,410,templates,artefact de build indexable — à supprimer
/templates/audit-seo-saint-loubs,,410,templates,artefact de build indexable — à supprimer
/templates/audit-seo-saint-magne-de-castillon,,410,templates,artefact de build indexable — à supprimer
/templates/audit-seo-saint-mdard-en-jalles,,410,templates,artefact de build indexable — à supprimer
/templates/audit-seo-saint-savin,,410,templates,artefact de build indexable — à supprimer
/templates/audit-seo-saint-seurin-sur-lisle,,410,templates,artefact de build indexable — à supprimer
/templates/audit-seo-saint-sulpice-et-cameyrac,,410,templates,artefact de build indexable — à supprimer
/templates/audit-seo-sainte-eulalie,,410,templates,artefact de build indexable — à supprimer
/templates/audit-seo-sainte-foy-la-grande,,410,templates,artefact de build indexable — à supprimer
/templates/audit-seo-sainte-hlne,,410,templates,artefact de build indexable — à supprimer
/templates/audit-seo-salles,,410,templates,artefact de build indexable — à supprimer
/templates/audit-seo-sauveterre-de-guyenne,,410,templates,artefact de build indexable — à supprimer
/templates/audit-seo-soulac-sur-mer,,410,templates,artefact de build indexable — à supprimer
/templates/audit-seo-talence,,410,templates,artefact de build indexable — à supprimer
/templates/audit-seo-targon,,410,templates,artefact de build indexable — à supprimer
/templates/audit-seo-tresses,,410,templates,artefact de build indexable — à supprimer
/templates/audit-seo-vayres,,410,templates,artefact de build indexable — à supprimer
/templates/audit-seo-vendays-montalivet,,410,templates,artefact de build indexable — à supprimer
/templates/audit-seo-villenave-dornon,,410,templates,artefact de build indexable — à supprimer
/templates/audit-seo-yvrac,,410,templates,artefact de build indexable — à supprimer
/templates/audit-seo,,410,templates,artefact de build indexable — à supprimer
/templates/black-hat-seo-ambars-et-lagrave,,410,templates,artefact de build indexable — à supprimer
/templates/black-hat-seo-ambs,,410,templates,artefact de build indexable — à supprimer
/templates/black-hat-seo-andernos-les-bains,,410,templates,artefact de build indexable — à supprimer
/templates/black-hat-seo-arcachon,,410,templates,artefact de build indexable — à supprimer
/templates/black-hat-seo-ars,,410,templates,artefact de build indexable — à supprimer
/templates/black-hat-seo-arsac,,410,templates,artefact de build indexable — à supprimer
/templates/black-hat-seo-artigues-prs-bordeaux,,410,templates,artefact de build indexable — à supprimer
/templates/black-hat-seo-audenge,,410,templates,artefact de build indexable — à supprimer
/templates/black-hat-seo-avensan,,410,templates,artefact de build indexable — à supprimer
/templates/black-hat-seo-bassens,,410,templates,artefact de build indexable — à supprimer
/templates/black-hat-seo-bazas,,410,templates,artefact de build indexable — à supprimer
/templates/black-hat-seo-belin-bliet,,410,templates,artefact de build indexable — à supprimer
/templates/black-hat-seo-bgles,,410,templates,artefact de build indexable — à supprimer
/templates/black-hat-seo-biganos,,410,templates,artefact de build indexable — à supprimer
/templates/black-hat-seo-blanquefort,,410,templates,artefact de build indexable — à supprimer
/templates/black-hat-seo-blaye,,410,templates,artefact de build indexable — à supprimer
/templates/black-hat-seo-bouliac,,410,templates,artefact de build indexable — à supprimer
/templates/black-hat-seo-bourg,,410,templates,artefact de build indexable — à supprimer
/templates/black-hat-seo-bruges,,410,templates,artefact de build indexable — à supprimer
/templates/black-hat-seo-cadaujac,,410,templates,artefact de build indexable — à supprimer
/templates/black-hat-seo-cadillac,,410,templates,artefact de build indexable — à supprimer
/templates/black-hat-seo-canjan,,410,templates,artefact de build indexable — à supprimer
/templates/black-hat-seo-carbon-blanc,,410,templates,artefact de build indexable — à supprimer
/templates/black-hat-seo-carignan-de-bordeaux,,410,templates,artefact de build indexable — à supprimer
/templates/black-hat-seo-castelnau-de-mdoc,,410,templates,artefact de build indexable — à supprimer
/templates/black-hat-seo-castillon-la-bataille,,410,templates,artefact de build indexable — à supprimer
/templates/black-hat-seo-castres-gironde,,410,templates,artefact de build indexable — à supprimer
/templates/black-hat-seo-cenon,,410,templates,artefact de build indexable — à supprimer
/templates/black-hat-seo-cestas,,410,templates,artefact de build indexable — à supprimer
/templates/black-hat-seo-coutras,,410,templates,artefact de build indexable — à supprimer
/templates/black-hat-seo-cron,,410,templates,artefact de build indexable — à supprimer
/templates/black-hat-seo-czac,,410,templates,artefact de build indexable — à supprimer
/templates/black-hat-seo-eysines,,410,templates,artefact de build indexable — à supprimer
/templates/black-hat-seo-fargues-saint-hilaire,,410,templates,artefact de build indexable — à supprimer
/templates/black-hat-seo-floirac,,410,templates,artefact de build indexable — à supprimer
/templates/black-hat-seo-galgon,,410,templates,artefact de build indexable — à supprimer
/templates/black-hat-seo-gradignan,,410,templates,artefact de build indexable — à supprimer
/templates/black-hat-seo-gujan-mestras,,410,templates,artefact de build indexable — à supprimer
/templates/black-hat-seo-hourtin,,410,templates,artefact de build indexable — à supprimer
/templates/black-hat-seo-izon,,410,templates,artefact de build indexable — à supprimer
/templates/black-hat-seo-la-brde,,410,templates,artefact de build indexable — à supprimer
/templates/black-hat-seo-la-role,,410,templates,artefact de build indexable — à supprimer
/templates/black-hat-seo-la-teste-de-buch,,410,templates,artefact de build indexable — à supprimer
/templates/black-hat-seo-lacanau,,410,templates,artefact de build indexable — à supprimer
/templates/black-hat-seo-langon,,410,templates,artefact de build indexable — à supprimer
/templates/black-hat-seo-lanton,,410,templates,artefact de build indexable — à supprimer
/templates/black-hat-seo-latresne,,410,templates,artefact de build indexable — à supprimer
/templates/black-hat-seo-le-barp,,410,templates,artefact de build indexable — à supprimer
/templates/black-hat-seo-le-bouscat,,410,templates,artefact de build indexable — à supprimer
/templates/black-hat-seo-le-haillan,,410,templates,artefact de build indexable — à supprimer
/templates/black-hat-seo-le-pian-mdoc,,410,templates,artefact de build indexable — à supprimer
/templates/black-hat-seo-le-taillan-mdoc,,410,templates,artefact de build indexable — à supprimer
/templates/black-hat-seo-le-teich,,410,templates,artefact de build indexable — à supprimer
/templates/black-hat-seo-lge-cap-ferret,,410,templates,artefact de build indexable — à supprimer
/templates/black-hat-seo-libourne,,410,templates,artefact de build indexable — à supprimer
/templates/black-hat-seo-lognan,,410,templates,artefact de build indexable — à supprimer
/templates/black-hat-seo-lormont,,410,templates,artefact de build indexable — à supprimer
/templates/black-hat-seo-ludon-mdoc,,410,templates,artefact de build indexable — à supprimer
/templates/black-hat-seo-macau,,410,templates,artefact de build indexable — à supprimer
/templates/black-hat-seo-marcheprime,,410,templates,artefact de build indexable — à supprimer
/templates/black-hat-seo-marsas,,410,templates,artefact de build indexable — à supprimer
/templates/black-hat-seo-martignas-sur-jalle,,410,templates,artefact de build indexable — à supprimer
/templates/black-hat-seo-mios,,410,templates,artefact de build indexable — à supprimer
/templates/black-hat-seo-monsgur,,410,templates,artefact de build indexable — à supprimer
/templates/black-hat-seo-montussan,,410,templates,artefact de build indexable — à supprimer
/templates/black-hat-seo-mrignac,,410,templates,artefact de build indexable — à supprimer
/templates/black-hat-seo-parempuyre,,410,templates,artefact de build indexable — à supprimer
/templates/black-hat-seo-pauillac,,410,templates,artefact de build indexable — à supprimer
/templates/black-hat-seo-pessac,,410,templates,artefact de build indexable — à supprimer
/templates/black-hat-seo-pineuilh,,410,templates,artefact de build indexable — à supprimer
/templates/black-hat-seo-podensac,,410,templates,artefact de build indexable — à supprimer
/templates/black-hat-seo-sadirac,,410,templates,artefact de build indexable — à supprimer
/templates/black-hat-seo-saint-andr-de-cubzac,,410,templates,artefact de build indexable — à supprimer
/templates/black-hat-seo-saint-aubin-de-mdoc,,410,templates,artefact de build indexable — à supprimer
/templates/black-hat-seo-saint-caprais-de-bordeaux,,410,templates,artefact de build indexable — à supprimer
/templates/black-hat-seo-saint-ciers-sur-gironde,,410,templates,artefact de build indexable — à supprimer
/templates/black-hat-seo-saint-denis-de-pile,,410,templates,artefact de build indexable — à supprimer
/templates/black-hat-seo-saint-emilion,,410,templates,artefact de build indexable — à supprimer
/templates/black-hat-seo-saint-jean-dillac,,410,templates,artefact de build indexable — à supprimer
/templates/black-hat-seo-saint-laurent-mdoc,,410,templates,artefact de build indexable — à supprimer
/templates/black-hat-seo-saint-loubs,,410,templates,artefact de build indexable — à supprimer
/templates/black-hat-seo-saint-magne-de-castillon,,410,templates,artefact de build indexable — à supprimer
/templates/black-hat-seo-saint-mdard-en-jalles,,410,templates,artefact de build indexable — à supprimer
/templates/black-hat-seo-saint-savin,,410,templates,artefact de build indexable — à supprimer
/templates/black-hat-seo-saint-seurin-sur-lisle,,410,templates,artefact de build indexable — à supprimer
/templates/black-hat-seo-saint-sulpice-et-cameyrac,,410,templates,artefact de build indexable — à supprimer
/templates/black-hat-seo-sainte-eulalie,,410,templates,artefact de build indexable — à supprimer
/templates/black-hat-seo-sainte-foy-la-grande,,410,templates,artefact de build indexable — à supprimer
/templates/black-hat-seo-sainte-hlne,,410,templates,artefact de build indexable — à supprimer
/templates/black-hat-seo-salles,,410,templates,artefact de build indexable — à supprimer
/templates/black-hat-seo-sauveterre-de-guyenne,,410,templates,artefact de build indexable — à supprimer
/templates/black-hat-seo-soulac-sur-mer,,410,templates,artefact de build indexable — à supprimer
/templates/black-hat-seo-talence,,410,templates,artefact de build indexable — à supprimer
/templates/black-hat-seo-targon,,410,templates,artefact de build indexable — à supprimer
/templates/black-hat-seo-tresses,,410,templates,artefact de build indexable — à supprimer
/templates/black-hat-seo-vayres,,410,templates,artefact de build indexable — à supprimer
/templates/black-hat-seo-vendays-montalivet,,410,templates,artefact de build indexable — à supprimer
/templates/black-hat-seo-villenave-dornon,,410,templates,artefact de build indexable — à supprimer
/templates/black-hat-seo-yvrac,,410,templates,artefact de build indexable — à supprimer
/templates/black-hat-seo,,410,templates,artefact de build indexable — à supprimer
/templates/netlinking-ambars-et-lagrave,,410,templates,artefact de build indexable — à supprimer
/templates/netlinking-ambs,,410,templates,artefact de build indexable — à supprimer
/templates/netlinking-andernos-les-bains,,410,templates,artefact de build indexable — à supprimer
/templates/netlinking-arcachon,,410,templates,artefact de build indexable — à supprimer
/templates/netlinking-ars,,410,templates,artefact de build indexable — à supprimer
/templates/netlinking-arsac,,410,templates,artefact de build indexable — à supprimer
/templates/netlinking-artigues-prs-bordeaux,,410,templates,artefact de build indexable — à supprimer
/templates/netlinking-audenge,,410,templates,artefact de build indexable — à supprimer
/templates/netlinking-avensan,,410,templates,artefact de build indexable — à supprimer
/templates/netlinking-bassens,,410,templates,artefact de build indexable — à supprimer
/templates/netlinking-bazas,,410,templates,artefact de build indexable — à supprimer
/templates/netlinking-belin-bliet,,410,templates,artefact de build indexable — à supprimer
/templates/netlinking-bgles,,410,templates,artefact de build indexable — à supprimer
/templates/netlinking-biganos,,410,templates,artefact de build indexable — à supprimer
/templates/netlinking-blanquefort,,410,templates,artefact de build indexable — à supprimer
/templates/netlinking-blaye,,410,templates,artefact de build indexable — à supprimer
/templates/netlinking-bouliac,,410,templates,artefact de build indexable — à supprimer
/templates/netlinking-bourg,,410,templates,artefact de build indexable — à supprimer
/templates/netlinking-bruges,,410,templates,artefact de build indexable — à supprimer
/templates/netlinking-cadaujac,,410,templates,artefact de build indexable — à supprimer
/templates/netlinking-cadillac,,410,templates,artefact de build indexable — à supprimer
/templates/netlinking-canjan,,410,templates,artefact de build indexable — à supprimer
/templates/netlinking-carbon-blanc,,410,templates,artefact de build indexable — à supprimer
/templates/netlinking-carignan-de-bordeaux,,410,templates,artefact de build indexable — à supprimer
/templates/netlinking-castelnau-de-mdoc,,410,templates,artefact de build indexable — à supprimer
/templates/netlinking-castillon-la-bataille,,410,templates,artefact de build indexable — à supprimer
/templates/netlinking-castres-gironde,,410,templates,artefact de build indexable — à supprimer
/templates/netlinking-cenon,,410,templates,artefact de build indexable — à supprimer
/templates/netlinking-cestas,,410,templates,artefact de build indexable — à supprimer
/templates/netlinking-coutras,,410,templates,artefact de build indexable — à supprimer
/templates/netlinking-cron,,410,templates,artefact de build indexable — à supprimer
/templates/netlinking-czac,,410,templates,artefact de build indexable — à supprimer
/templates/netlinking-eysines,,410,templates,artefact de build indexable — à supprimer
/templates/netlinking-fargues-saint-hilaire,,410,templates,artefact de build indexable — à supprimer
/templates/netlinking-floirac,,410,templates,artefact de build indexable — à supprimer
/templates/netlinking-galgon,,410,templates,artefact de build indexable — à supprimer
/templates/netlinking-gradignan,,410,templates,artefact de build indexable — à supprimer
/templates/netlinking-gujan-mestras,,410,templates,artefact de build indexable — à supprimer
/templates/netlinking-hourtin,,410,templates,artefact de build indexable — à supprimer
/templates/netlinking-izon,,410,templates,artefact de build indexable — à supprimer
/templates/netlinking-la-brde,,410,templates,artefact de build indexable — à supprimer
/templates/netlinking-la-role,,410,templates,artefact de build indexable — à supprimer
/templates/netlinking-la-teste-de-buch,,410,templates,artefact de build indexable — à supprimer
/templates/netlinking-lacanau,,410,templates,artefact de build indexable — à supprimer
/templates/netlinking-langon,,410,templates,artefact de build indexable — à supprimer
/templates/netlinking-lanton,,410,templates,artefact de build indexable — à supprimer
/templates/netlinking-latresne,,410,templates,artefact de build indexable — à supprimer
/templates/netlinking-le-barp,,410,templates,artefact de build indexable — à supprimer
/templates/netlinking-le-bouscat,,410,templates,artefact de build indexable — à supprimer
/templates/netlinking-le-haillan,,410,templates,artefact de build indexable — à supprimer
/templates/netlinking-le-pian-mdoc,,410,templates,artefact de build indexable — à supprimer
/templates/netlinking-le-taillan-mdoc,,410,templates,artefact de build indexable — à supprimer
/templates/netlinking-le-teich,,410,templates,artefact de build indexable — à supprimer
/templates/netlinking-lge-cap-ferret,,410,templates,artefact de build indexable — à supprimer
/templates/netlinking-libourne,,410,templates,artefact de build indexable — à supprimer
/templates/netlinking-lognan,,410,templates,artefact de build indexable — à supprimer
/templates/netlinking-lormont,,410,templates,artefact de build indexable — à supprimer
/templates/netlinking-ludon-mdoc,,410,templates,artefact de build indexable — à supprimer
/templates/netlinking-macau,,410,templates,artefact de build indexable — à supprimer
/templates/netlinking-marcheprime,,410,templates,artefact de build indexable — à supprimer
/templates/netlinking-marsas,,410,templates,artefact de build indexable — à supprimer
/templates/netlinking-martignas-sur-jalle,,410,templates,artefact de build indexable — à supprimer
/templates/netlinking-mios,,410,templates,artefact de build indexable — à supprimer
/templates/netlinking-monsgur,,410,templates,artefact de build indexable — à supprimer
/templates/netlinking-montussan,,410,templates,artefact de build indexable — à supprimer
/templates/netlinking-mrignac,,410,templates,artefact de build indexable — à supprimer
/templates/netlinking-parempuyre,,410,templates,artefact de build indexable — à supprimer
/templates/netlinking-pauillac,,410,templates,artefact de build indexable — à supprimer
/templates/netlinking-pessac,,410,templates,artefact de build indexable — à supprimer
/templates/netlinking-pineuilh,,410,templates,artefact de build indexable — à supprimer
/templates/netlinking-podensac,,410,templates,artefact de build indexable — à supprimer
/templates/netlinking-sadirac,,410,templates,artefact de build indexable — à supprimer
/templates/netlinking-saint-andr-de-cubzac,,410,templates,artefact de build indexable — à supprimer
/templates/netlinking-saint-aubin-de-mdoc,,410,templates,artefact de build indexable — à supprimer
/templates/netlinking-saint-caprais-de-bordeaux,,410,templates,artefact de build indexable — à supprimer
/templates/netlinking-saint-ciers-sur-gironde,,410,templates,artefact de build indexable — à supprimer
/templates/netlinking-saint-denis-de-pile,,410,templates,artefact de build indexable — à supprimer
/templates/netlinking-saint-emilion,,410,templates,artefact de build indexable — à supprimer
/templates/netlinking-saint-jean-dillac,,410,templates,artefact de build indexable — à supprimer
/templates/netlinking-saint-laurent-mdoc,,410,templates,artefact de build indexable — à supprimer
/templates/netlinking-saint-loubs,,410,templates,artefact de build indexable — à supprimer
/templates/netlinking-saint-magne-de-castillon,,410,templates,artefact de build indexable — à supprimer
/templates/netlinking-saint-mdard-en-jalles,,410,templates,artefact de build indexable — à supprimer
/templates/netlinking-saint-savin,,410,templates,artefact de build indexable — à supprimer
/templates/netlinking-saint-seurin-sur-lisle,,410,templates,artefact de build indexable — à supprimer
/templates/netlinking-saint-sulpice-et-cameyrac,,410,templates,artefact de build indexable — à supprimer
/templates/netlinking-sainte-eulalie,,410,templates,artefact de build indexable — à supprimer
/templates/netlinking-sainte-foy-la-grande,,410,templates,artefact de build indexable — à supprimer
/templates/netlinking-sainte-hlne,,410,templates,artefact de build indexable — à supprimer
/templates/netlinking-salles,,410,templates,artefact de build indexable — à supprimer
/templates/netlinking-sauveterre-de-guyenne,,410,templates,artefact de build indexable — à supprimer
/templates/netlinking-soulac-sur-mer,,410,templates,artefact de build indexable — à supprimer
/templates/netlinking-talence,,410,templates,artefact de build indexable — à supprimer
/templates/netlinking-targon,,410,templates,artefact de build indexable — à supprimer
/templates/netlinking-tresses,,410,templates,artefact de build indexable — à supprimer
/templates/netlinking-vayres,,410,templates,artefact de build indexable — à supprimer
/templates/netlinking-vendays-montalivet,,410,templates,artefact de build indexable — à supprimer
/templates/netlinking-villenave-dornon,,410,templates,artefact de build indexable — à supprimer
/templates/netlinking-yvrac,,410,templates,artefact de build indexable — à supprimer
/templates/netlinking,,410,templates,artefact de build indexable — à supprimer
/templates/optimisation-on-page-ambars-et-lagrave,,410,templates,artefact de build indexable — à supprimer
/templates/optimisation-on-page-ambs,,410,templates,artefact de build indexable — à supprimer
/templates/optimisation-on-page-andernos-les-bains,,410,templates,artefact de build indexable — à supprimer
/templates/optimisation-on-page-arcachon,,410,templates,artefact de build indexable — à supprimer
/templates/optimisation-on-page-ars,,410,templates,artefact de build indexable — à supprimer
/templates/optimisation-on-page-arsac,,410,templates,artefact de build indexable — à supprimer
/templates/optimisation-on-page-artigues-prs-bordeaux,,410,templates,artefact de build indexable — à supprimer
/templates/optimisation-on-page-audenge,,410,templates,artefact de build indexable — à supprimer
/templates/optimisation-on-page-avensan,,410,templates,artefact de build indexable — à supprimer
/templates/optimisation-on-page-bassens,,410,templates,artefact de build indexable — à supprimer
/templates/optimisation-on-page-bazas,,410,templates,artefact de build indexable — à supprimer
/templates/optimisation-on-page-belin-bliet,,410,templates,artefact de build indexable — à supprimer
/templates/optimisation-on-page-bgles,,410,templates,artefact de build indexable — à supprimer
/templates/optimisation-on-page-biganos,,410,templates,artefact de build indexable — à supprimer
/templates/optimisation-on-page-blanquefort,,410,templates,artefact de build indexable — à supprimer
/templates/optimisation-on-page-blaye,,410,templates,artefact de build indexable — à supprimer
/templates/optimisation-on-page-bouliac,,410,templates,artefact de build indexable — à supprimer
/templates/optimisation-on-page-bourg,,410,templates,artefact de build indexable — à supprimer
/templates/optimisation-on-page-bruges,,410,templates,artefact de build indexable — à supprimer
/templates/optimisation-on-page-cadaujac,,410,templates,artefact de build indexable — à supprimer
/templates/optimisation-on-page-cadillac,,410,templates,artefact de build indexable — à supprimer
/templates/optimisation-on-page-canjan,,410,templates,artefact de build indexable — à supprimer
/templates/optimisation-on-page-carbon-blanc,,410,templates,artefact de build indexable — à supprimer
/templates/optimisation-on-page-carignan-de-bordeaux,,410,templates,artefact de build indexable — à supprimer
/templates/optimisation-on-page-castelnau-de-mdoc,,410,templates,artefact de build indexable — à supprimer
/templates/optimisation-on-page-castillon-la-bataille,,410,templates,artefact de build indexable — à supprimer
/templates/optimisation-on-page-castres-gironde,,410,templates,artefact de build indexable — à supprimer
/templates/optimisation-on-page-cenon,,410,templates,artefact de build indexable — à supprimer
/templates/optimisation-on-page-cestas,,410,templates,artefact de build indexable — à supprimer
/templates/optimisation-on-page-coutras,,410,templates,artefact de build indexable — à supprimer
/templates/optimisation-on-page-cron,,410,templates,artefact de build indexable — à supprimer
/templates/optimisation-on-page-czac,,410,templates,artefact de build indexable — à supprimer
/templates/optimisation-on-page-eysines,,410,templates,artefact de build indexable — à supprimer
/templates/optimisation-on-page-fargues-saint-hilaire,,410,templates,artefact de build indexable — à supprimer
/templates/optimisation-on-page-floirac,,410,templates,artefact de build indexable — à supprimer
/templates/optimisation-on-page-galgon,,410,templates,artefact de build indexable — à supprimer
/templates/optimisation-on-page-gradignan,,410,templates,artefact de build indexable — à supprimer
/templates/optimisation-on-page-gujan-mestras,,410,templates,artefact de build indexable — à supprimer
/templates/optimisation-on-page-hourtin,,410,templates,artefact de build indexable — à supprimer
/templates/optimisation-on-page-izon,,410,templates,artefact de build indexable — à supprimer
/templates/optimisation-on-page-la-brde,,410,templates,artefact de build indexable — à supprimer
/templates/optimisation-on-page-la-role,,410,templates,artefact de build indexable — à supprimer
/templates/optimisation-on-page-la-teste-de-buch,,410,templates,artefact de build indexable — à supprimer
/templates/optimisation-on-page-lacanau,,410,templates,artefact de build indexable — à supprimer
/templates/optimisation-on-page-langon,,410,templates,artefact de build indexable — à supprimer
/templates/optimisation-on-page-lanton,,410,templates,artefact de build indexable — à supprimer
/templates/optimisation-on-page-latresne,,410,templates,artefact de build indexable — à supprimer
/templates/optimisation-on-page-le-barp,,410,templates,artefact de build indexable — à supprimer
/templates/optimisation-on-page-le-bouscat,,410,templates,artefact de build indexable — à supprimer
/templates/optimisation-on-page-le-haillan,,410,templates,artefact de build indexable — à supprimer
/templates/optimisation-on-page-le-pian-mdoc,,410,templates,artefact de build indexable — à supprimer
/templates/optimisation-on-page-le-taillan-mdoc,,410,templates,artefact de build indexable — à supprimer
/templates/optimisation-on-page-le-teich,,410,templates,artefact de build indexable — à supprimer
/templates/optimisation-on-page-lge-cap-ferret,,410,templates,artefact de build indexable — à supprimer
/templates/optimisation-on-page-libourne,,410,templates,artefact de build indexable — à supprimer
/templates/optimisation-on-page-lognan,,410,templates,artefact de build indexable — à supprimer
/templates/optimisation-on-page-lormont,,410,templates,artefact de build indexable — à supprimer
/templates/optimisation-on-page-ludon-mdoc,,410,templates,artefact de build indexable — à supprimer
/templates/optimisation-on-page-macau,,410,templates,artefact de build indexable — à supprimer
/templates/optimisation-on-page-marcheprime,,410,templates,artefact de build indexable — à supprimer
/templates/optimisation-on-page-marsas,,410,templates,artefact de build indexable — à supprimer
/templates/optimisation-on-page-martignas-sur-jalle,,410,templates,artefact de build indexable — à supprimer
/templates/optimisation-on-page-mios,,410,templates,artefact de build indexable — à supprimer
/templates/optimisation-on-page-monsgur,,410,templates,artefact de build indexable — à supprimer
/templates/optimisation-on-page-montussan,,410,templates,artefact de build indexable — à supprimer
/templates/optimisation-on-page-mrignac,,410,templates,artefact de build indexable — à supprimer
/templates/optimisation-on-page-parempuyre,,410,templates,artefact de build indexable — à supprimer
/templates/optimisation-on-page-pauillac,,410,templates,artefact de build indexable — à supprimer
/templates/optimisation-on-page-pessac,,410,templates,artefact de build indexable — à supprimer
/templates/optimisation-on-page-pineuilh,,410,templates,artefact de build indexable — à supprimer
/templates/optimisation-on-page-podensac,,410,templates,artefact de build indexable — à supprimer
/templates/optimisation-on-page-sadirac,,410,templates,artefact de build indexable — à supprimer
/templates/optimisation-on-page-saint-andr-de-cubzac,,410,templates,artefact de build indexable — à supprimer
/templates/optimisation-on-page-saint-aubin-de-mdoc,,410,templates,artefact de build indexable — à supprimer
/templates/optimisation-on-page-saint-caprais-de-bordeaux,,410,templates,artefact de build indexable — à supprimer
/templates/optimisation-on-page-saint-ciers-sur-gironde,,410,templates,artefact de build indexable — à supprimer
/templates/optimisation-on-page-saint-denis-de-pile,,410,templates,artefact de build indexable — à supprimer
/templates/optimisation-on-page-saint-emilion,,410,templates,artefact de build indexable — à supprimer
/templates/optimisation-on-page-saint-jean-dillac,,410,templates,artefact de build indexable — à supprimer
/templates/optimisation-on-page-saint-laurent-mdoc,,410,templates,artefact de build indexable — à supprimer
/templates/optimisation-on-page-saint-loubs,,410,templates,artefact de build indexable — à supprimer
/templates/optimisation-on-page-saint-magne-de-castillon,,410,templates,artefact de build indexable — à supprimer
/templates/optimisation-on-page-saint-mdard-en-jalles,,410,templates,artefact de build indexable — à supprimer
/templates/optimisation-on-page-saint-savin,,410,templates,artefact de build indexable — à supprimer
/templates/optimisation-on-page-saint-seurin-sur-lisle,,410,templates,artefact de build indexable — à supprimer
/templates/optimisation-on-page-saint-sulpice-et-cameyrac,,410,templates,artefact de build indexable — à supprimer
/templates/optimisation-on-page-sainte-eulalie,,410,templates,artefact de build indexable — à supprimer
/templates/optimisation-on-page-sainte-foy-la-grande,,410,templates,artefact de build indexable — à supprimer
/templates/optimisation-on-page-sainte-hlne,,410,templates,artefact de build indexable — à supprimer
/templates/optimisation-on-page-salles,,410,templates,artefact de build indexable — à supprimer
/templates/optimisation-on-page-sauveterre-de-guyenne,,410,templates,artefact de build indexable — à supprimer
/templates/optimisation-on-page-soulac-sur-mer,,410,templates,artefact de build indexable — à supprimer
/templates/optimisation-on-page-talence,,410,templates,artefact de build indexable — à supprimer
/templates/optimisation-on-page-targon,,410,templates,artefact de build indexable — à supprimer
/templates/optimisation-on-page-tresses,,410,templates,artefact de build indexable — à supprimer
/templates/optimisation-on-page-vayres,,410,templates,artefact de build indexable — à supprimer
/templates/optimisation-on-page-vendays-montalivet,,410,templates,artefact de build indexable — à supprimer
/templates/optimisation-on-page-villenave-dornon,,410,templates,artefact de build indexable — à supprimer
/templates/optimisation-on-page-yvrac,,410,templates,artefact de build indexable — à supprimer
/templates/optimisation-on-page,,410,templates,artefact de build indexable — à supprimer
/templates/redaction-seo-ambars-et-lagrave,,410,templates,artefact de build indexable — à supprimer
/templates/redaction-seo-ambs,,410,templates,artefact de build indexable — à supprimer
/templates/redaction-seo-andernos-les-bains,,410,templates,artefact de build indexable — à supprimer
/templates/redaction-seo-arcachon,,410,templates,artefact de build indexable — à supprimer
/templates/redaction-seo-ars,,410,templates,artefact de build indexable — à supprimer
/templates/redaction-seo-arsac,,410,templates,artefact de build indexable — à supprimer
/templates/redaction-seo-artigues-prs-bordeaux,,410,templates,artefact de build indexable — à supprimer
/templates/redaction-seo-audenge,,410,templates,artefact de build indexable — à supprimer
/templates/redaction-seo-avensan,,410,templates,artefact de build indexable — à supprimer
/templates/redaction-seo-bassens,,410,templates,artefact de build indexable — à supprimer
/templates/redaction-seo-bazas,,410,templates,artefact de build indexable — à supprimer
/templates/redaction-seo-belin-bliet,,410,templates,artefact de build indexable — à supprimer
/templates/redaction-seo-bgles,,410,templates,artefact de build indexable — à supprimer
/templates/redaction-seo-biganos,,410,templates,artefact de build indexable — à supprimer
/templates/redaction-seo-blanquefort,,410,templates,artefact de build indexable — à supprimer
/templates/redaction-seo-blaye,,410,templates,artefact de build indexable — à supprimer
/templates/redaction-seo-bouliac,,410,templates,artefact de build indexable — à supprimer
/templates/redaction-seo-bourg,,410,templates,artefact de build indexable — à supprimer
/templates/redaction-seo-bruges,,410,templates,artefact de build indexable — à supprimer
/templates/redaction-seo-cadaujac,,410,templates,artefact de build indexable — à supprimer
/templates/redaction-seo-cadillac,,410,templates,artefact de build indexable — à supprimer
/templates/redaction-seo-canjan,,410,templates,artefact de build indexable — à supprimer
/templates/redaction-seo-carbon-blanc,,410,templates,artefact de build indexable — à supprimer
/templates/redaction-seo-carignan-de-bordeaux,,410,templates,artefact de build indexable — à supprimer
/templates/redaction-seo-castelnau-de-mdoc,,410,templates,artefact de build indexable — à supprimer
/templates/redaction-seo-castillon-la-bataille,,410,templates,artefact de build indexable — à supprimer
/templates/redaction-seo-castres-gironde,,410,templates,artefact de build indexable — à supprimer
/templates/redaction-seo-cenon,,410,templates,artefact de build indexable — à supprimer
/templates/redaction-seo-cestas,,410,templates,artefact de build indexable — à supprimer
/templates/redaction-seo-coutras,,410,templates,artefact de build indexable — à supprimer
/templates/redaction-seo-cron,,410,templates,artefact de build indexable — à supprimer
/templates/redaction-seo-czac,,410,templates,artefact de build indexable — à supprimer
/templates/redaction-seo-eysines,,410,templates,artefact de build indexable — à supprimer
/templates/redaction-seo-fargues-saint-hilaire,,410,templates,artefact de build indexable — à supprimer
/templates/redaction-seo-floirac,,410,templates,artefact de build indexable — à supprimer
/templates/redaction-seo-galgon,,410,templates,artefact de build indexable — à supprimer
/templates/redaction-seo-gradignan,,410,templates,artefact de build indexable — à supprimer
/templates/redaction-seo-gujan-mestras,,410,templates,artefact de build indexable — à supprimer
/templates/redaction-seo-hourtin,,410,templates,artefact de build indexable — à supprimer
/templates/redaction-seo-izon,,410,templates,artefact de build indexable — à supprimer
/templates/redaction-seo-la-brde,,410,templates,artefact de build indexable — à supprimer
/templates/redaction-seo-la-role,,410,templates,artefact de build indexable — à supprimer
/templates/redaction-seo-la-teste-de-buch,,410,templates,artefact de build indexable — à supprimer
/templates/redaction-seo-lacanau,,410,templates,artefact de build indexable — à supprimer
/templates/redaction-seo-langon,,410,templates,artefact de build indexable — à supprimer
/templates/redaction-seo-lanton,,410,templates,artefact de build indexable — à supprimer
/templates/redaction-seo-latresne,,410,templates,artefact de build indexable — à supprimer
/templates/redaction-seo-le-barp,,410,templates,artefact de build indexable — à supprimer
/templates/redaction-seo-le-bouscat,,410,templates,artefact de build indexable — à supprimer
/templates/redaction-seo-le-haillan,,410,templates,artefact de build indexable — à supprimer
/templates/redaction-seo-le-pian-mdoc,,410,templates,artefact de build indexable — à supprimer
/templates/redaction-seo-le-taillan-mdoc,,410,templates,artefact de build indexable — à supprimer
/templates/redaction-seo-le-teich,,410,templates,artefact de build indexable — à supprimer
/templates/redaction-seo-lge-cap-ferret,,410,templates,artefact de build indexable — à supprimer
/templates/redaction-seo-libourne,,410,templates,artefact de build indexable — à supprimer
/templates/redaction-seo-lognan,,410,templates,artefact de build indexable — à supprimer
/templates/redaction-seo-lormont,,410,templates,artefact de build indexable — à supprimer
/templates/redaction-seo-ludon-mdoc,,410,templates,artefact de build indexable — à supprimer
/templates/redaction-seo-macau,,410,templates,artefact de build indexable — à supprimer
/templates/redaction-seo-marcheprime,,410,templates,artefact de build indexable — à supprimer
/templates/redaction-seo-marsas,,410,templates,artefact de build indexable — à supprimer
/templates/redaction-seo-martignas-sur-jalle,,410,templates,artefact de build indexable — à supprimer
/templates/redaction-seo-mios,,410,templates,artefact de build indexable — à supprimer
/templates/redaction-seo-monsgur,,410,templates,artefact de build indexable — à supprimer
/templates/redaction-seo-montussan,,410,templates,artefact de build indexable — à supprimer
/templates/redaction-seo-mrignac,,410,templates,artefact de build indexable — à supprimer
/templates/redaction-seo-parempuyre,,410,templates,artefact de build indexable — à supprimer
/templates/redaction-seo-pauillac,,410,templates,artefact de build indexable — à supprimer
/templates/redaction-seo-pessac,,410,templates,artefact de build indexable — à supprimer
/templates/redaction-seo-pineuilh,,410,templates,artefact de build indexable — à supprimer
/templates/redaction-seo-podensac,,410,templates,artefact de build indexable — à supprimer
/templates/redaction-seo-sadirac,,410,templates,artefact de build indexable — à supprimer
/templates/redaction-seo-saint-andr-de-cubzac,,410,templates,artefact de build indexable — à supprimer
/templates/redaction-seo-saint-aubin-de-mdoc,,410,templates,artefact de build indexable — à supprimer
/templates/redaction-seo-saint-caprais-de-bordeaux,,410,templates,artefact de build indexable — à supprimer
/templates/redaction-seo-saint-ciers-sur-gironde,,410,templates,artefact de build indexable — à supprimer
/templates/redaction-seo-saint-denis-de-pile,,410,templates,artefact de build indexable — à supprimer
/templates/redaction-seo-saint-emilion,,410,templates,artefact de build indexable — à supprimer
/templates/redaction-seo-saint-jean-dillac,,410,templates,artefact de build indexable — à supprimer
/templates/redaction-seo-saint-laurent-mdoc,,410,templates,artefact de build indexable — à supprimer
/templates/redaction-seo-saint-loubs,,410,templates,artefact de build indexable — à supprimer
/templates/redaction-seo-saint-magne-de-castillon,,410,templates,artefact de build indexable — à supprimer
/templates/redaction-seo-saint-mdard-en-jalles,,410,templates,artefact de build indexable — à supprimer
/templates/redaction-seo-saint-savin,,410,templates,artefact de build indexable — à supprimer
/templates/redaction-seo-saint-seurin-sur-lisle,,410,templates,artefact de build indexable — à supprimer
/templates/redaction-seo-saint-sulpice-et-cameyrac,,410,templates,artefact de build indexable — à supprimer
/templates/redaction-seo-sainte-eulalie,,410,templates,artefact de build indexable — à supprimer
/templates/redaction-seo-sainte-foy-la-grande,,410,templates,artefact de build indexable — à supprimer
/templates/redaction-seo-sainte-hlne,,410,templates,artefact de build indexable — à supprimer
/templates/redaction-seo-salles,,410,templates,artefact de build indexable — à supprimer
/templates/redaction-seo-sauveterre-de-guyenne,,410,templates,artefact de build indexable — à supprimer
/templates/redaction-seo-soulac-sur-mer,,410,templates,artefact de build indexable — à supprimer
/templates/redaction-seo-talence,,410,templates,artefact de build indexable — à supprimer
/templates/redaction-seo-targon,,410,templates,artefact de build indexable — à supprimer
/templates/redaction-seo-tresses,,410,templates,artefact de build indexable — à supprimer
/templates/redaction-seo-vayres,,410,templates,artefact de build indexable — à supprimer
/templates/redaction-seo-vendays-montalivet,,410,templates,artefact de build indexable — à supprimer
/templates/redaction-seo-villenave-dornon,,410,templates,artefact de build indexable — à supprimer
/templates/redaction-seo-yvrac,,410,templates,artefact de build indexable — à supprimer
/templates/redaction-seo,,410,templates,artefact de build indexable — à supprimer
/templates/seo-local-ambars-et-lagrave,,410,templates,artefact de build indexable — à supprimer
/templates/seo-local-ambs,,410,templates,artefact de build indexable — à supprimer
/templates/seo-local-andernos-les-bains,,410,templates,artefact de build indexable — à supprimer
/templates/seo-local-arcachon,,410,templates,artefact de build indexable — à supprimer
/templates/seo-local-ars,,410,templates,artefact de build indexable — à supprimer
/templates/seo-local-arsac,,410,templates,artefact de build indexable — à supprimer
/templates/seo-local-artigues-prs-bordeaux,,410,templates,artefact de build indexable — à supprimer
/templates/seo-local-audenge,,410,templates,artefact de build indexable — à supprimer
/templates/seo-local-avensan,,410,templates,artefact de build indexable — à supprimer
/templates/seo-local-bassens,,410,templates,artefact de build indexable — à supprimer
/templates/seo-local-bazas,,410,templates,artefact de build indexable — à supprimer
/templates/seo-local-belin-bliet,,410,templates,artefact de build indexable — à supprimer
/templates/seo-local-bgles,,410,templates,artefact de build indexable — à supprimer
/templates/seo-local-biganos,,410,templates,artefact de build indexable — à supprimer
/templates/seo-local-blanquefort,,410,templates,artefact de build indexable — à supprimer
/templates/seo-local-blaye,,410,templates,artefact de build indexable — à supprimer
/templates/seo-local-bouliac,,410,templates,artefact de build indexable — à supprimer
/templates/seo-local-bourg,,410,templates,artefact de build indexable — à supprimer
/templates/seo-local-bruges,,410,templates,artefact de build indexable — à supprimer
/templates/seo-local-cadaujac,,410,templates,artefact de build indexable — à supprimer
/templates/seo-local-cadillac,,410,templates,artefact de build indexable — à supprimer
/templates/seo-local-canjan,,410,templates,artefact de build indexable — à supprimer
/templates/seo-local-carbon-blanc,,410,templates,artefact de build indexable — à supprimer
/templates/seo-local-carignan-de-bordeaux,,410,templates,artefact de build indexable — à supprimer
/templates/seo-local-castelnau-de-mdoc,,410,templates,artefact de build indexable — à supprimer
/templates/seo-local-castillon-la-bataille,,410,templates,artefact de build indexable — à supprimer
/templates/seo-local-castres-gironde,,410,templates,artefact de build indexable — à supprimer
/templates/seo-local-cenon,,410,templates,artefact de build indexable — à supprimer
/templates/seo-local-cestas,,410,templates,artefact de build indexable — à supprimer
/templates/seo-local-coutras,,410,templates,artefact de build indexable — à supprimer
/templates/seo-local-cron,,410,templates,artefact de build indexable — à supprimer
/templates/seo-local-czac,,410,templates,artefact de build indexable — à supprimer
/templates/seo-local-eysines,,410,templates,artefact de build indexable — à supprimer
/templates/seo-local-fargues-saint-hilaire,,410,templates,artefact de build indexable — à supprimer
/templates/seo-local-floirac,,410,templates,artefact de build indexable — à supprimer
/templates/seo-local-galgon,,410,templates,artefact de build indexable — à supprimer
/templates/seo-local-gradignan,,410,templates,artefact de build indexable — à supprimer
/templates/seo-local-gujan-mestras,,410,templates,artefact de build indexable — à supprimer
/templates/seo-local-hourtin,,410,templates,artefact de build indexable — à supprimer
/templates/seo-local-izon,,410,templates,artefact de build indexable — à supprimer
/templates/seo-local-la-brde,,410,templates,artefact de build indexable — à supprimer
/templates/seo-local-la-role,,410,templates,artefact de build indexable — à supprimer
/templates/seo-local-la-teste-de-buch,,410,templates,artefact de build indexable — à supprimer
/templates/seo-local-lacanau,,410,templates,artefact de build indexable — à supprimer
/templates/seo-local-langon,,410,templates,artefact de build indexable — à supprimer
/templates/seo-local-lanton,,410,templates,artefact de build indexable — à supprimer
/templates/seo-local-latresne,,410,templates,artefact de build indexable — à supprimer
/templates/seo-local-le-barp,,410,templates,artefact de build indexable — à supprimer
/templates/seo-local-le-bouscat,,410,templates,artefact de build indexable — à supprimer
/templates/seo-local-le-haillan,,410,templates,artefact de build indexable — à supprimer
/templates/seo-local-le-pian-mdoc,,410,templates,artefact de build indexable — à supprimer
/templates/seo-local-le-taillan-mdoc,,410,templates,artefact de build indexable — à supprimer
/templates/seo-local-le-teich,,410,templates,artefact de build indexable — à supprimer
/templates/seo-local-lge-cap-ferret,,410,templates,artefact de build indexable — à supprimer
/templates/seo-local-libourne,,410,templates,artefact de build indexable — à supprimer
/templates/seo-local-lognan,,410,templates,artefact de build indexable — à supprimer
/templates/seo-local-lormont,,410,templates,artefact de build indexable — à supprimer
/templates/seo-local-ludon-mdoc,,410,templates,artefact de build indexable — à supprimer
/templates/seo-local-macau,,410,templates,artefact de build indexable — à supprimer
/templates/seo-local-marcheprime,,410,templates,artefact de build indexable — à supprimer
/templates/seo-local-marsas,,410,templates,artefact de build indexable — à supprimer
/templates/seo-local-martignas-sur-jalle,,410,templates,artefact de build indexable — à supprimer
/templates/seo-local-mios,,410,templates,artefact de build indexable — à supprimer
/templates/seo-local-monsgur,,410,templates,artefact de build indexable — à supprimer
/templates/seo-local-montussan,,410,templates,artefact de build indexable — à supprimer
/templates/seo-local-mrignac,,410,templates,artefact de build indexable — à supprimer
/templates/seo-local-parempuyre,,410,templates,artefact de build indexable — à supprimer
/templates/seo-local-pauillac,,410,templates,artefact de build indexable — à supprimer
/templates/seo-local-pessac,,410,templates,artefact de build indexable — à supprimer
/templates/seo-local-pineuilh,,410,templates,artefact de build indexable — à supprimer
/templates/seo-local-podensac,,410,templates,artefact de build indexable — à supprimer
/templates/seo-local-sadirac,,410,templates,artefact de build indexable — à supprimer
/templates/seo-local-saint-andr-de-cubzac,,410,templates,artefact de build indexable — à supprimer
/templates/seo-local-saint-aubin-de-mdoc,,410,templates,artefact de build indexable — à supprimer
/templates/seo-local-saint-caprais-de-bordeaux,,410,templates,artefact de build indexable — à supprimer
/templates/seo-local-saint-ciers-sur-gironde,,410,templates,artefact de build indexable — à supprimer
/templates/seo-local-saint-denis-de-pile,,410,templates,artefact de build indexable — à supprimer
/templates/seo-local-saint-emilion,,410,templates,artefact de build indexable — à supprimer
/templates/seo-local-saint-jean-dillac,,410,templates,artefact de build indexable — à supprimer
/templates/seo-local-saint-laurent-mdoc,,410,templates,artefact de build indexable — à supprimer
/templates/seo-local-saint-loubs,,410,templates,artefact de build indexable — à supprimer
/templates/seo-local-saint-magne-de-castillon,,410,templates,artefact de build indexable — à supprimer
/templates/seo-local-saint-mdard-en-jalles,,410,templates,artefact de build indexable — à supprimer
/templates/seo-local-saint-savin,,410,templates,artefact de build indexable — à supprimer
/templates/seo-local-saint-seurin-sur-lisle,,410,templates,artefact de build indexable — à supprimer
/templates/seo-local-saint-sulpice-et-cameyrac,,410,templates,artefact de build indexable — à supprimer
/templates/seo-local-sainte-eulalie,,410,templates,artefact de build indexable — à supprimer
/templates/seo-local-sainte-foy-la-grande,,410,templates,artefact de build indexable — à supprimer
/templates/seo-local-sainte-hlne,,410,templates,artefact de build indexable — à supprimer
/templates/seo-local-salles,,410,templates,artefact de build indexable — à supprimer
/templates/seo-local-sauveterre-de-guyenne,,410,templates,artefact de build indexable — à supprimer
/templates/seo-local-soulac-sur-mer,,410,templates,artefact de build indexable — à supprimer
/templates/seo-local-talence,,410,templates,artefact de build indexable — à supprimer
/templates/seo-local-targon,,410,templates,artefact de build indexable — à supprimer
/templates/seo-local-tresses,,410,templates,artefact de build indexable — à supprimer
/templates/seo-local-vayres,,410,templates,artefact de build indexable — à supprimer
/templates/seo-local-vendays-montalivet,,410,templates,artefact de build indexable — à supprimer
/templates/seo-local-villenave-dornon,,410,templates,artefact de build indexable — à supprimer
/templates/seo-local-yvrac,,410,templates,artefact de build indexable — à supprimer
/templates/seo-local,,410,templates,artefact de build indexable — à supprimer
